10 [139936150633600] INFO perfrun.launcher <> - Launcher main begin
11 [139936150633600] INFO perfrun.launcher <> - MessageCatalogInit finished
11 [139936150633600] INFO perfrun.launcher <> - Launcher instance created
11 [139936150633600] INFO perfrun.launcher <> - argc = 7; cmdline = /software/intel/oneapi_hpc_2022.1/vtune/2022.0.0/bin64/amplxe-runss --ui-output-format xml --ui-output-fd 5 --option-file /home/aoviedo/hpc-finance/week-1/L1Demo/Profiling/bs1_profile/config/runss.options 
57 [139936150633600] INFO perfrun.launcher <> - create msngr2::ICliToolContext
58 [139936150633600] INFO perfrun.launcher <> - create file finder object
58 [139936150633600] INFO perfrun.launcher <> - create a result directory: pattern = /home/aoviedo/hpc-finance/week-1/L1Demo/Profiling/bs1_profile pid = 4294967295
59 [139936150633600] INFO perfrun.sdk <> - checked that the directory /home/aoviedo/hpc-finance/week-1/L1Demo/Profiling/bs1_profile is a local directory
60 [139936150633600] INFO perfrun.sdk <> - the directory /home/aoviedo/hpc-finance/week-1/L1Demo/Profiling/bs1_profile is located on a share or its FS ID is unknown 1196443219
60 [139936150633600] INFO perfrun.sdk <> - checked that the directory /home/aoviedo/amplxe-tmp-aoviedo is a local directory
60 [139936150633600] INFO perfrun.sdk <> - the directory /home/aoviedo/amplxe-tmp-aoviedo is located on a share or its FS ID is unknown 1196443219
60 [139936150633600] INFO perfrun.launcher <> - create data directory = /home/aoviedo/hpc-finance/week-1/L1Demo/Profiling/bs1_profile/data.0
61 [139936150633600] INFO perfrun.launcher <> - Creating the master collection flag
62 [139936150633600] INFO perfrun.launcher <> - Done creating the master collection flag
66 [139936023922432] INFO perfrun.launcher <> - plugin [remoteplug] was disabled because it doesn't support the given collection type.
69 [139936023922432] INFO perfrun.sdk <> - Allocating TMU :/home/aoviedo/hpc-finance/week-1/L1Demo/Profiling/bs1_profile/data.0/systemcollector-1591679-midway3-login3.rcc.local.sc
69 [139936023922432] INFO perfrun.system <> - Tpss based collection
69 [139936023922432] INFO perfrun.launcher <> - plugin [ptracecollector] was disabled because it doesn't support the given collection type.
69 [139936023922432] INFO perfrun.launcher <> - plugin [gpu] was disabled because it doesn't support the given collection type.
69 [139936023922432] INFO perfrun.launcher <> - plugin [] was disabled because it doesn't support the given collection type.
69 [139936023922432] INFO perfrun.launcher <> - plugin [] was disabled because it doesn't support the given collection type.
69 [139936023922432] INFO perfrun.launcher <> - plugin [] was disabled because it doesn't support the given collection type.
69 [139936023922432] INFO perfrun.mrte <> - system-wide mode is 0
69 [139936023922432] INFO perfrun.mrte <> - Getting  mrte profiling environment ...
242 [139936023922432] INFO perfrun.mrte <> - INTEL_MRTE_DATA_DIR=/home/aoviedo/hpc-finance/week-1/L1Demo/Profiling/bs1_profile/data.0
242 [139936023922432] INFO perfrun.mrte <> - INTEL_MRTE_HOST_NAME=midway3-login3.rcc.local
242 [139936023922432] INFO perfrun.mrte <> - JAVA_TOOL_OPTIONS=-agentlib:amplxe_tpssmrte_javaprof_1.0 -Dsun.boot.library.path=/software/intel/oneapi_hpc_2022.1/vtune/2022.0.0/lib32/runtime:/software/intel/oneapi_hpc_2022.1/vtune/2022.0.0/lib64/runtime
242 [139936023922432] INFO perfrun.mrte <> - LD_LIBRARY_PATH=/software/intel/oneapi_hpc_2022.1/vtune/2022.0.0/lib32/runtime:/software/intel/oneapi_hpc_2022.1/vtune/2022.0.0/lib64/runtime:/software/slurm-current-el8-x86_64/lib
242 [139936023922432] INFO perfrun.mrte <> - CORECLR_ENABLE_PROFILING=1
242 [139936023922432] INFO perfrun.mrte <> - CORECLR_PROFILER={AA5E4821-E3B1-479c-B7FF-5AD047D22CED}
242 [139936023922432] INFO perfrun.mrte <> - CORECLR_PROFILER_PATH=/software/intel/oneapi_hpc_2022.1/vtune/2022.0.0/lib64/libamplxe_samplingmrte_clrprof_1.0.so
242 [139936023922432] INFO perfrun.mrte <> - INTEL_MRTE_PROFILER_MODE=mixed
242 [139936023922432] INFO perfrun.mrte <> - Data directory: /home/aoviedo/hpc-finance/week-1/L1Demo/Profiling/bs1_profile/data.0
242 [139936023922432] INFO perfrun.mrte <> - Mrte plugin is initialized
242 [139936023922432] INFO perfrun.launcher <> - plugin [emon] was disabled because it doesn't support the given collection type.
242 [139936023922432] INFO perfrun.launcher <> - plugin [cuscol] was disabled because it doesn't support the given collection type.
242 [139936023922432] INFO perfrun.launcher <> - plugin [stdsrc] was disabled because it doesn't support the given collection type.
242 [139936023922432] INFO perfrun.launcher <> - plugin [sep] was disabled because it doesn't support the given collection type.
242 [139936023922432] INFO perfrun.launcher <> - plugin [vtsspp] was disabled because it doesn't support the given collection type.
242 [139936023922432] INFO perfrun.sdk <> - Reading value (2) from file: /proc/sys/kernel/perf_event_paranoid
242 [139936023922432] INFO perfrun.perfcollector <> - checking access to: /software/intel/oneapi_hpc_2022.1/vtune/2022.0.0/bin64/amplxe-perf-priv
246 [139936023922432] INFO perfrun.perfcollector <> - cpu: family = 6 model = 106
246 [139936023922432] INFO perfrun.perfcollector <> - dir found : /sys/bus/event_source/devices/uncore_cha_1
246 [139936023922432] INFO perfrun.perfcollector <> - format: event config:0-7 mask:0-7
246 [139936023922432] INFO perfrun.perfcollector <> - format: edge config:18 mask:18
246 [139936023922432] INFO perfrun.perfcollector <> - format: filter_tid config1:0-9 mask:0-9
247 [139936023922432] INFO perfrun.perfcollector <> - format: inv config:23 mask:23
247 [139936023922432] INFO perfrun.perfcollector <> - format: umask config:8-15,32-57 mask:8-15,32-57
247 [139936023922432] INFO perfrun.perfcollector <> - format: tid_en config:19 mask:19
247 [139936023922432] INFO perfrun.perfcollector <> - format: thresh config:24-31 mask:24-31
247 [139936023922432] INFO perfrun.perfcollector <> - hwInfo : PERF_CHA_PMU_DETAILS
247 [139936023922432] INFO perfrun.perfcollector <> - pmu added : family : uncore_cha , id : 1
247 [139936023922432] INFO perfrun.perfcollector <> - dir found : /sys/bus/event_source/devices/uncore_irp_3
247 [139936023922432] INFO perfrun.perfcollector <> - format: event config:0-7 mask:0-7
247 [139936023922432] INFO perfrun.perfcollector <> - format: edge config:18 mask:18
247 [139936023922432] INFO perfrun.perfcollector <> - format: inv config:23 mask:23
247 [139936023922432] INFO perfrun.perfcollector <> - format: umask config:8-15 mask:8-15
247 [139936023922432] INFO perfrun.perfcollector <> - format: thresh config:24-31 mask:24-31
247 [139936023922432] INFO perfrun.perfcollector <> - hwInfo : PERF_IRP_PMU_DETAILS
247 [139936023922432] INFO perfrun.perfcollector <> - pmu added : family : uncore_irp , id : 3
247 [139936023922432] INFO perfrun.perfcollector <> - dir found : /sys/bus/event_source/devices/software
247 [139936023922432] WARN perfrun.perfcollector <> - format subdir doesn't exist, at file: vcs/perfrun1/plugins/perfcollector/src/controller.cpp:730
247 [139936023922432] WARN perfrun.perfcollector <> - pmu hwInfo is not set; pmuFam : software, at file: vcs/perfrun1/plugins/perfcollector/src/controller.cpp:829
247 [139936023922432] INFO perfrun.perfcollector <> - pmu added : family : software , id : 0
247 [139936023922432] INFO perfrun.perfcollector <> - dir found : /sys/bus/event_source/devices/uncore_m2m_3
247 [139936023922432] INFO perfrun.perfcollector <> - format: event config:0-7 mask:0-7
247 [139936023922432] INFO perfrun.perfcollector <> - format: edge config:18 mask:18
247 [139936023922432] INFO perfrun.perfcollector <> - format: inv config:23 mask:23
247 [139936023922432] INFO perfrun.perfcollector <> - format: umask config:8-15 mask:8-15
247 [139936023922432] INFO perfrun.perfcollector <> - format: thresh config:24-31 mask:24-31
247 [139936023922432] INFO perfrun.perfcollector <> - hwInfo : PERF_M2M_PMU_DETAILS
247 [139936023922432] INFO perfrun.perfcollector <> - pmu added : family : uncore_m2m , id : 3
247 [139936023922432] INFO perfrun.perfcollector <> - dir found : /sys/bus/event_source/devices/uncore_cha_14
247 [139936023922432] INFO perfrun.perfcollector <> - format: event config:0-7 mask:0-7
247 [139936023922432] INFO perfrun.perfcollector <> - format: edge config:18 mask:18
247 [139936023922432] INFO perfrun.perfcollector <> - format: filter_tid config1:0-9 mask:0-9
247 [139936023922432] INFO perfrun.perfcollector <> - format: inv config:23 mask:23
247 [139936023922432] INFO perfrun.perfcollector <> - format: umask config:8-15,32-57 mask:8-15,32-57
247 [139936023922432] INFO perfrun.perfcollector <> - format: tid_en config:19 mask:19
247 [139936023922432] INFO perfrun.perfcollector <> - format: thresh config:24-31 mask:24-31
247 [139936023922432] INFO perfrun.perfcollector <> - hwInfo : PERF_CHA_PMU_DETAILS
247 [139936023922432] INFO perfrun.perfcollector <> - pmu added : family : uncore_cha , id : 14
247 [139936023922432] INFO perfrun.perfcollector <> - dir found : /sys/bus/event_source/devices/uncore_imc_free_running_1
247 [139936023922432] INFO perfrun.perfcollector <> - format: event config:0-7 mask:0-7
248 [139936023922432] INFO perfrun.perfcollector <> - format: umask config:8-15 mask:8-15
248 [139936023922432] WARN perfrun.perfcollector <> - pmu hwInfo is not set; pmuFam : uncore_imc_free_running, at file: vcs/perfrun1/plugins/perfcollector/src/controller.cpp:829
248 [139936023922432] INFO perfrun.perfcollector <> - pmu added : family : uncore_imc_free_running , id : 1
248 [139936023922432] INFO perfrun.perfcollector <> - dir found : /sys/bus/event_source/devices/uncore_imc_5
248 [139936023922432] INFO perfrun.perfcollector <> - format: event config:0-7 mask:0-7
248 [139936023922432] INFO perfrun.perfcollector <> - format: edge config:18 mask:18
248 [139936023922432] INFO perfrun.perfcollector <> - format: inv config:23 mask:23
248 [139936023922432] INFO perfrun.perfcollector <> - format: umask config:8-15 mask:8-15
248 [139936023922432] INFO perfrun.perfcollector <> - format: thresh config:24-31 mask:24-31
248 [139936023922432] INFO perfrun.perfcollector <> - hwInfo : PERF_IMC_PMU_DETAILS
248 [139936023922432] INFO perfrun.perfcollector <> - pmu added : family : uncore_imc , id : 5
248 [139936023922432] INFO perfrun.perfcollector <> - dir found : /sys/bus/event_source/devices/uncore_m3upi_0
248 [139936023922432] INFO perfrun.perfcollector <> - format: event config:0-7 mask:0-7
248 [139936023922432] INFO perfrun.perfcollector <> - format: edge config:18 mask:18
248 [139936023922432] INFO perfrun.perfcollector <> - format: inv config:23 mask:23
248 [139936023922432] INFO perfrun.perfcollector <> - format: umask config:8-15 mask:8-15
248 [139936023922432] INFO perfrun.perfcollector <> - format: thresh config:24-31 mask:24-31
248 [139936023922432] WARN perfrun.perfcollector <> - pmu hwInfo is not set; pmuFam : uncore_m3upi, at file: vcs/perfrun1/plugins/perfcollector/src/controller.cpp:829
248 [139936023922432] INFO perfrun.perfcollector <> - pmu added : family : uncore_m3upi , id : 0
248 [139936023922432] INFO perfrun.perfcollector <> - dir found : /sys/bus/event_source/devices/uncore_iio_free_running_5
248 [139936023922432] INFO perfrun.perfcollector <> - format: event config:0-7 mask:0-7
248 [139936023922432] INFO perfrun.perfcollector <> - format: umask config:8-15 mask:8-15
248 [139936023922432] WARN perfrun.perfcollector <> - pmu hwInfo is not set; pmuFam : uncore_iio_free_running, at file: vcs/perfrun1/plugins/perfcollector/src/controller.cpp:829
248 [139936023922432] INFO perfrun.perfcollector <> - pmu added : family : uncore_iio_free_running , id : 5
248 [139936023922432] INFO perfrun.perfcollector <> - dir found : /sys/bus/event_source/devices/uncore_cha_22
248 [139936023922432] INFO perfrun.perfcollector <> - format: event config:0-7 mask:0-7
248 [139936023922432] INFO perfrun.perfcollector <> - format: edge config:18 mask:18
248 [139936023922432] INFO perfrun.perfcollector <> - format: filter_tid config1:0-9 mask:0-9
248 [139936023922432] INFO perfrun.perfcollector <> - format: inv config:23 mask:23
248 [139936023922432] INFO perfrun.perfcollector <> - format: umask config:8-15,32-57 mask:8-15,32-57
248 [139936023922432] INFO perfrun.perfcollector <> - format: tid_en config:19 mask:19
248 [139936023922432] INFO perfrun.perfcollector <> - format: thresh config:24-31 mask:24-31
248 [139936023922432] INFO perfrun.perfcollector <> - hwInfo : PERF_CHA_PMU_DETAILS
248 [139936023922432] INFO perfrun.perfcollector <> - pmu added : family : uncore_cha , id : 22
248 [139936023922432] INFO perfrun.perfcollector <> - dir found : /sys/bus/event_source/devices/uncore_irp_1
248 [139936023922432] INFO perfrun.perfcollector <> - format: event config:0-7 mask:0-7
248 [139936023922432] INFO perfrun.perfcollector <> - format: edge config:18 mask:18
248 [139936023922432] INFO perfrun.perfcollector <> - format: inv config:23 mask:23
248 [139936023922432] INFO perfrun.perfcollector <> - format: umask config:8-15 mask:8-15
248 [139936023922432] INFO perfrun.perfcollector <> - format: thresh config:24-31 mask:24-31
248 [139936023922432] INFO perfrun.perfcollector <> - hwInfo : PERF_IRP_PMU_DETAILS
248 [139936023922432] INFO perfrun.perfcollector <> - pmu added : family : uncore_irp , id : 1
248 [139936023922432] INFO perfrun.perfcollector <> - dir found : /sys/bus/event_source/devices/uncore_m2m_1
249 [139936023922432] INFO perfrun.perfcollector <> - format: event config:0-7 mask:0-7
249 [139936023922432] INFO perfrun.perfcollector <> - format: edge config:18 mask:18
249 [139936023922432] INFO perfrun.perfcollector <> - format: inv config:23 mask:23
249 [139936023922432] INFO perfrun.perfcollector <> - format: umask config:8-15 mask:8-15
249 [139936023922432] INFO perfrun.perfcollector <> - format: thresh config:24-31 mask:24-31
249 [139936023922432] INFO perfrun.perfcollector <> - hwInfo : PERF_M2M_PMU_DETAILS
249 [139936023922432] INFO perfrun.perfcollector <> - pmu added : family : uncore_m2m , id : 1
249 [139936023922432] INFO perfrun.perfcollector <> - dir found : /sys/bus/event_source/devices/uncore_cha_12
249 [139936023922432] INFO perfrun.perfcollector <> - format: event config:0-7 mask:0-7
249 [139936023922432] INFO perfrun.perfcollector <> - format: edge config:18 mask:18
249 [139936023922432] INFO perfrun.perfcollector <> - format: filter_tid config1:0-9 mask:0-9
249 [139936023922432] INFO perfrun.perfcollector <> - format: inv config:23 mask:23
249 [139936023922432] INFO perfrun.perfcollector <> - format: umask config:8-15,32-57 mask:8-15,32-57
249 [139936023922432] INFO perfrun.perfcollector <> - format: tid_en config:19 mask:19
249 [139936023922432] INFO perfrun.perfcollector <> - format: thresh config:24-31 mask:24-31
249 [139936023922432] INFO perfrun.perfcollector <> - hwInfo : PERF_CHA_PMU_DETAILS
249 [139936023922432] INFO perfrun.perfcollector <> - pmu added : family : uncore_cha , id : 12
249 [139936023922432] INFO perfrun.perfcollector <> - dir found : /sys/bus/event_source/devices/uncore_imc_3
249 [139936023922432] INFO perfrun.perfcollector <> - format: event config:0-7 mask:0-7
249 [139936023922432] INFO perfrun.perfcollector <> - format: edge config:18 mask:18
249 [139936023922432] INFO perfrun.perfcollector <> - format: inv config:23 mask:23
249 [139936023922432] INFO perfrun.perfcollector <> - format: umask config:8-15 mask:8-15
249 [139936023922432] INFO perfrun.perfcollector <> - format: thresh config:24-31 mask:24-31
249 [139936023922432] INFO perfrun.perfcollector <> - hwInfo : PERF_IMC_PMU_DETAILS
249 [139936023922432] INFO perfrun.perfcollector <> - pmu added : family : uncore_imc , id : 3
249 [139936023922432] INFO perfrun.perfcollector <> - dir found : /sys/bus/event_source/devices/uncore_cha_8
249 [139936023922432] INFO perfrun.perfcollector <> - format: event config:0-7 mask:0-7
249 [139936023922432] INFO perfrun.perfcollector <> - format: edge config:18 mask:18
249 [139936023922432] INFO perfrun.perfcollector <> - format: filter_tid config1:0-9 mask:0-9
249 [139936023922432] INFO perfrun.perfcollector <> - format: inv config:23 mask:23
249 [139936023922432] INFO perfrun.perfcollector <> - format: umask config:8-15,32-57 mask:8-15,32-57
249 [139936023922432] INFO perfrun.perfcollector <> - format: tid_en config:19 mask:19
249 [139936023922432] INFO perfrun.perfcollector <> - format: thresh config:24-31 mask:24-31
249 [139936023922432] INFO perfrun.perfcollector <> - hwInfo : PERF_CHA_PMU_DETAILS
249 [139936023922432] INFO perfrun.perfcollector <> - pmu added : family : uncore_cha , id : 8
249 [139936023922432] INFO perfrun.perfcollector <> - dir found : /sys/bus/event_source/devices/uncore_iio_free_running_3
249 [139936023922432] INFO perfrun.perfcollector <> - format: event config:0-7 mask:0-7
249 [139936023922432] INFO perfrun.perfcollector <> - format: umask config:8-15 mask:8-15
249 [139936023922432] WARN perfrun.perfcollector <> - pmu hwInfo is not set; pmuFam : uncore_iio_free_running, at file: vcs/perfrun1/plugins/perfcollector/src/controller.cpp:829
249 [139936023922432] INFO perfrun.perfcollector <> - pmu added : family : uncore_iio_free_running , id : 3
249 [139936023922432] INFO perfrun.perfcollector <> - dir found : /sys/bus/event_source/devices/uncore_cha_20
249 [139936023922432] INFO perfrun.perfcollector <> - format: event config:0-7 mask:0-7
249 [139936023922432] INFO perfrun.perfcollector <> - format: edge config:18 mask:18
250 [139936023922432] INFO perfrun.perfcollector <> - format: filter_tid config1:0-9 mask:0-9
250 [139936023922432] INFO perfrun.perfcollector <> - format: inv config:23 mask:23
250 [139936023922432] INFO perfrun.perfcollector <> - format: umask config:8-15,32-57 mask:8-15,32-57
250 [139936023922432] INFO perfrun.perfcollector <> - format: tid_en config:19 mask:19
250 [139936023922432] INFO perfrun.perfcollector <> - format: thresh config:24-31 mask:24-31
250 [139936023922432] INFO perfrun.perfcollector <> - hwInfo : PERF_CHA_PMU_DETAILS
250 [139936023922432] INFO perfrun.perfcollector <> - pmu added : family : uncore_cha , id : 20
250 [139936023922432] INFO perfrun.perfcollector <> - dir found : /sys/bus/event_source/devices/uncore_cha_10
250 [139936023922432] INFO perfrun.perfcollector <> - format: event config:0-7 mask:0-7
250 [139936023922432] INFO perfrun.perfcollector <> - format: edge config:18 mask:18
250 [139936023922432] INFO perfrun.perfcollector <> - format: filter_tid config1:0-9 mask:0-9
250 [139936023922432] INFO perfrun.perfcollector <> - format: inv config:23 mask:23
250 [139936023922432] INFO perfrun.perfcollector <> - format: umask config:8-15,32-57 mask:8-15,32-57
250 [139936023922432] INFO perfrun.perfcollector <> - format: tid_en config:19 mask:19
250 [139936023922432] INFO perfrun.perfcollector <> - format: thresh config:24-31 mask:24-31
250 [139936023922432] INFO perfrun.perfcollector <> - hwInfo : PERF_CHA_PMU_DETAILS
250 [139936023922432] INFO perfrun.perfcollector <> - pmu added : family : uncore_cha , id : 10
250 [139936023922432] INFO perfrun.perfcollector <> - dir found : /sys/bus/event_source/devices/uncore_imc_1
250 [139936023922432] INFO perfrun.perfcollector <> - format: event config:0-7 mask:0-7
250 [139936023922432] INFO perfrun.perfcollector <> - format: edge config:18 mask:18
250 [139936023922432] INFO perfrun.perfcollector <> - format: inv config:23 mask:23
250 [139936023922432] INFO perfrun.perfcollector <> - format: umask config:8-15 mask:8-15
250 [139936023922432] INFO perfrun.perfcollector <> - format: thresh config:24-31 mask:24-31
250 [139936023922432] INFO perfrun.perfcollector <> - hwInfo : PERF_IMC_PMU_DETAILS
250 [139936023922432] INFO perfrun.perfcollector <> - pmu added : family : uncore_imc , id : 1
250 [139936023922432] INFO perfrun.perfcollector <> - dir found : /sys/bus/event_source/devices/uncore_upi_1
250 [139936023922432] INFO perfrun.perfcollector <> - format: event config:0-7 mask:0-7
250 [139936023922432] INFO perfrun.perfcollector <> - format: edge config:18 mask:18
250 [139936023922432] INFO perfrun.perfcollector <> - format: inv config:23 mask:23
250 [139936023922432] INFO perfrun.perfcollector <> - format: umask config:8-15,32-55 mask:8-15,32-55
250 [139936023922432] INFO perfrun.perfcollector <> - format: thresh config:24-31 mask:24-31
250 [139936023922432] INFO perfrun.perfcollector <> - hwInfo : PERF_UPI_PMU_DETAILS
250 [139936023922432] INFO perfrun.perfcollector <> - pmu added : family : uncore_upi , id : 1
250 [139936023922432] INFO perfrun.perfcollector <> - dir found : /sys/bus/event_source/devices/power
250 [139936023922432] INFO perfrun.perfcollector <> - format: event config:0-7 mask:0-7
250 [139936023922432] WARN perfrun.perfcollector <> - pmu hwInfo is not set; pmuFam : power, at file: vcs/perfrun1/plugins/perfcollector/src/controller.cpp:829
250 [139936023922432] INFO perfrun.perfcollector <> - pmu added : family : power , id : 0
250 [139936023922432] INFO perfrun.perfcollector <> - dir found : /sys/bus/event_source/devices/uncore_cha_6
250 [139936023922432] INFO perfrun.perfcollector <> - format: event config:0-7 mask:0-7
250 [139936023922432] INFO perfrun.perfcollector <> - format: edge config:18 mask:18
250 [139936023922432] INFO perfrun.perfcollector <> - format: filter_tid config1:0-9 mask:0-9
251 [139936023922432] INFO perfrun.perfcollector <> - format: inv config:23 mask:23
251 [139936023922432] INFO perfrun.perfcollector <> - format: umask config:8-15,32-57 mask:8-15,32-57
251 [139936023922432] INFO perfrun.perfcollector <> - format: tid_en config:19 mask:19
251 [139936023922432] INFO perfrun.perfcollector <> - format: thresh config:24-31 mask:24-31
251 [139936023922432] INFO perfrun.perfcollector <> - hwInfo : PERF_CHA_PMU_DETAILS
251 [139936023922432] INFO perfrun.perfcollector <> - pmu added : family : uncore_cha , id : 6
251 [139936023922432] INFO perfrun.perfcollector <> - dir found : /sys/bus/event_source/devices/uncore_iio_free_running_1
251 [139936023922432] INFO perfrun.perfcollector <> - format: event config:0-7 mask:0-7
251 [139936023922432] INFO perfrun.perfcollector <> - format: umask config:8-15 mask:8-15
251 [139936023922432] WARN perfrun.perfcollector <> - pmu hwInfo is not set; pmuFam : uncore_iio_free_running, at file: vcs/perfrun1/plugins/perfcollector/src/controller.cpp:829
251 [139936023922432] INFO perfrun.perfcollector <> - pmu added : family : uncore_iio_free_running , id : 1
251 [139936023922432] INFO perfrun.perfcollector <> - dir found : /sys/bus/event_source/devices/uncore_m2pcie_4
251 [139936023922432] INFO perfrun.perfcollector <> - format: event config:0-7 mask:0-7
251 [139936023922432] INFO perfrun.perfcollector <> - format: edge config:18 mask:18
251 [139936023922432] INFO perfrun.perfcollector <> - format: inv config:23 mask:23
251 [139936023922432] INFO perfrun.perfcollector <> - format: umask config:8-15 mask:8-15
251 [139936023922432] INFO perfrun.perfcollector <> - format: thresh config:24-31 mask:24-31
251 [139936023922432] WARN perfrun.perfcollector <> - pmu hwInfo is not set; pmuFam : uncore_m2pcie, at file: vcs/perfrun1/plugins/perfcollector/src/controller.cpp:829
251 [139936023922432] INFO perfrun.perfcollector <> - pmu added : family : uncore_m2pcie , id : 4
251 [139936023922432] INFO perfrun.perfcollector <> - dir found : /sys/bus/event_source/devices/uncore_cha_19
251 [139936023922432] INFO perfrun.perfcollector <> - format: event config:0-7 mask:0-7
251 [139936023922432] INFO perfrun.perfcollector <> - format: edge config:18 mask:18
251 [139936023922432] INFO perfrun.perfcollector <> - format: filter_tid config1:0-9 mask:0-9
251 [139936023922432] INFO perfrun.perfcollector <> - format: inv config:23 mask:23
251 [139936023922432] INFO perfrun.perfcollector <> - format: umask config:8-15,32-57 mask:8-15,32-57
251 [139936023922432] INFO perfrun.perfcollector <> - format: tid_en config:19 mask:19
251 [139936023922432] INFO perfrun.perfcollector <> - format: thresh config:24-31 mask:24-31
251 [139936023922432] INFO perfrun.perfcollector <> - hwInfo : PERF_CHA_PMU_DETAILS
251 [139936023922432] INFO perfrun.perfcollector <> - pmu added : family : uncore_cha , id : 19
251 [139936023922432] INFO perfrun.perfcollector <> - dir found : /sys/bus/event_source/devices/uncore_iio_4
251 [139936023922432] INFO perfrun.perfcollector <> - format: event config:0-7 mask:0-7
251 [139936023922432] INFO perfrun.perfcollector <> - format: edge config:18 mask:18
251 [139936023922432] INFO perfrun.perfcollector <> - format: fc_mask config:48-50 mask:48-50
251 [139936023922432] INFO perfrun.perfcollector <> - format: inv config:23 mask:23
251 [139936023922432] INFO perfrun.perfcollector <> - format: umask config:8-15 mask:8-15
251 [139936023922432] INFO perfrun.perfcollector <> - format: thresh config:24-35 mask:24-35
251 [139936023922432] INFO perfrun.perfcollector <> - format: ch_mask config:36-47 mask:36-47
251 [139936023922432] INFO perfrun.perfcollector <> - hwInfo : PERF_IIO_PMU_DETAILS
251 [139936023922432] INFO perfrun.perfcollector <> - pmu added : family : uncore_iio , id : 4
251 [139936023922432] INFO perfrun.perfcollector <> - dir found : /sys/bus/event_source/devices/uprobe
251 [139936023922432] INFO perfrun.perfcollector <> - format: retprobe config:0 mask:0
251 [139936023922432] WARN perfrun.perfcollector <> - pmu hwInfo is not set; pmuFam : uprobe, at file: vcs/perfrun1/plugins/perfcollector/src/controller.cpp:829
252 [139936023922432] INFO perfrun.perfcollector <> - pmu added : family : uprobe , id : 0
252 [139936023922432] INFO perfrun.perfcollector <> - dir found : /sys/bus/event_source/devices/intel_bts
252 [139936023922432] WARN perfrun.perfcollector <> - format subdir doesn't exist, at file: vcs/perfrun1/plugins/perfcollector/src/controller.cpp:730
252 [139936023922432] WARN perfrun.perfcollector <> - pmu hwInfo is not set; pmuFam : intel_bts, at file: vcs/perfrun1/plugins/perfcollector/src/controller.cpp:829
252 [139936023922432] INFO perfrun.perfcollector <> - pmu added : family : intel_bts , id : 0
252 [139936023922432] INFO perfrun.perfcollector <> - dir found : /sys/bus/event_source/devices/cpu
252 [139936023922432] INFO perfrun.perfcollector <> - format: event config:0-7 mask:0-7
252 [139936023922432] INFO perfrun.perfcollector <> - format: pc config:19 mask:19
252 [139936023922432] INFO perfrun.perfcollector <> - format: edge config:18 mask:18
252 [139936023922432] INFO perfrun.perfcollector <> - format: offcore_rsp config1:0-63 mask:0-63
252 [139936023922432] INFO perfrun.perfcollector <> - format: ldlat config1:0-15 mask:0-15
252 [139936023922432] INFO perfrun.perfcollector <> - format: inv config:23 mask:23
252 [139936023922432] INFO perfrun.perfcollector <> - format: umask config:8-15 mask:8-15
252 [139936023922432] INFO perfrun.perfcollector <> - format: frontend config1:0-23 mask:0-23
252 [139936023922432] INFO perfrun.perfcollector <> - format: cmask config:24-31 mask:24-31
252 [139936023922432] INFO perfrun.perfcollector <> - hwInfo : PERF_CPU_PMU_DETAILS
252 [139936023922432] INFO perfrun.perfcollector <> - pmu added : family : cpu , id : 0
252 [139936023922432] INFO perfrun.perfcollector <> - dir found : /sys/bus/event_source/devices/uncore_cha_4
252 [139936023922432] INFO perfrun.perfcollector <> - format: event config:0-7 mask:0-7
252 [139936023922432] INFO perfrun.perfcollector <> - format: edge config:18 mask:18
252 [139936023922432] INFO perfrun.perfcollector <> - format: filter_tid config1:0-9 mask:0-9
252 [139936023922432] INFO perfrun.perfcollector <> - format: inv config:23 mask:23
252 [139936023922432] INFO perfrun.perfcollector <> - format: umask config:8-15,32-57 mask:8-15,32-57
252 [139936023922432] INFO perfrun.perfcollector <> - format: tid_en config:19 mask:19
252 [139936023922432] INFO perfrun.perfcollector <> - format: thresh config:24-31 mask:24-31
252 [139936023922432] INFO perfrun.perfcollector <> - hwInfo : PERF_CHA_PMU_DETAILS
252 [139936023922432] INFO perfrun.perfcollector <> - pmu added : family : uncore_cha , id : 4
252 [139936023922432] INFO perfrun.perfcollector <> - dir found : /sys/bus/event_source/devices/uncore_m2pcie_2
252 [139936023922432] INFO perfrun.perfcollector <> - format: event config:0-7 mask:0-7
252 [139936023922432] INFO perfrun.perfcollector <> - format: edge config:18 mask:18
253 [139936023922432] INFO perfrun.perfcollector <> - format: inv config:23 mask:23
253 [139936023922432] INFO perfrun.perfcollector <> - format: umask config:8-15 mask:8-15
253 [139936023922432] INFO perfrun.perfcollector <> - format: thresh config:24-31 mask:24-31
253 [139936023922432] WARN perfrun.perfcollector <> - pmu hwInfo is not set; pmuFam : uncore_m2pcie, at file: vcs/perfrun1/plugins/perfcollector/src/controller.cpp:829
253 [139936023922432] INFO perfrun.perfcollector <> - pmu added : family : uncore_m2pcie , id : 2
253 [139936023922432] INFO perfrun.perfcollector <> - dir found : /sys/bus/event_source/devices/uncore_cha_17
253 [139936023922432] INFO perfrun.perfcollector <> - format: event config:0-7 mask:0-7
253 [139936023922432] INFO perfrun.perfcollector <> - format: edge config:18 mask:18
253 [139936023922432] INFO perfrun.perfcollector <> - format: filter_tid config1:0-9 mask:0-9
253 [139936023922432] INFO perfrun.perfcollector <> - format: inv config:23 mask:23
253 [139936023922432] INFO perfrun.perfcollector <> - format: umask config:8-15,32-57 mask:8-15,32-57
253 [139936023922432] INFO perfrun.perfcollector <> - format: tid_en config:19 mask:19
253 [139936023922432] INFO perfrun.perfcollector <> - format: thresh config:24-31 mask:24-31
253 [139936023922432] INFO perfrun.perfcollector <> - hwInfo : PERF_CHA_PMU_DETAILS
253 [139936023922432] INFO perfrun.perfcollector <> - pmu added : family : uncore_cha , id : 17
253 [139936023922432] INFO perfrun.perfcollector <> - dir found : /sys/bus/event_source/devices/uncore_iio_2
253 [139936023922432] INFO perfrun.perfcollector <> - format: event config:0-7 mask:0-7
253 [139936023922432] INFO perfrun.perfcollector <> - format: edge config:18 mask:18
253 [139936023922432] INFO perfrun.perfcollector <> - format: fc_mask config:48-50 mask:48-50
253 [139936023922432] INFO perfrun.perfcollector <> - format: inv config:23 mask:23
253 [139936023922432] INFO perfrun.perfcollector <> - format: umask config:8-15 mask:8-15
253 [139936023922432] INFO perfrun.perfcollector <> - format: thresh config:24-35 mask:24-35
253 [139936023922432] INFO perfrun.perfcollector <> - format: ch_mask config:36-47 mask:36-47
253 [139936023922432] INFO perfrun.perfcollector <> - hwInfo : PERF_IIO_PMU_DETAILS
253 [139936023922432] INFO perfrun.perfcollector <> - pmu added : family : uncore_iio , id : 2
253 [139936023922432] INFO perfrun.perfcollector <> - dir found : /sys/bus/event_source/devices/breakpoint
253 [139936023922432] WARN perfrun.perfcollector <> - format subdir doesn't exist, at file: vcs/perfrun1/plugins/perfcollector/src/controller.cpp:730
253 [139936023922432] WARN perfrun.perfcollector <> - pmu hwInfo is not set; pmuFam : breakpoint, at file: vcs/perfrun1/plugins/perfcollector/src/controller.cpp:829
253 [139936023922432] INFO perfrun.perfcollector <> - pmu added : family : breakpoint , id : 0
253 [139936023922432] INFO perfrun.perfcollector <> - dir found : /sys/bus/event_source/devices/uncore_cha_2
253 [139936023922432] INFO perfrun.perfcollector <> - format: event config:0-7 mask:0-7
253 [139936023922432] INFO perfrun.perfcollector <> - format: edge config:18 mask:18
253 [139936023922432] INFO perfrun.perfcollector <> - format: filter_tid config1:0-9 mask:0-9
253 [139936023922432] INFO perfrun.perfcollector <> - format: inv config:23 mask:23
253 [139936023922432] INFO perfrun.perfcollector <> - format: umask config:8-15,32-57 mask:8-15,32-57
253 [139936023922432] INFO perfrun.perfcollector <> - format: tid_en config:19 mask:19
253 [139936023922432] INFO perfrun.perfcollector <> - format: thresh config:24-31 mask:24-31
253 [139936023922432] INFO perfrun.perfcollector <> - hwInfo : PERF_CHA_PMU_DETAILS
253 [139936023922432] INFO perfrun.perfcollector <> - pmu added : family : uncore_cha , id : 2
253 [139936023922432] INFO perfrun.perfcollector <> - dir found : /sys/bus/event_source/devices/uncore_m2pcie_0
254 [139936023922432] INFO perfrun.perfcollector <> - format: event config:0-7 mask:0-7
254 [139936023922432] INFO perfrun.perfcollector <> - format: edge config:18 mask:18
254 [139936023922432] INFO perfrun.perfcollector <> - format: inv config:23 mask:23
254 [139936023922432] INFO perfrun.perfcollector <> - format: umask config:8-15 mask:8-15
254 [139936023922432] INFO perfrun.perfcollector <> - format: thresh config:24-31 mask:24-31
254 [139936023922432] WARN perfrun.perfcollector <> - pmu hwInfo is not set; pmuFam : uncore_m2pcie, at file: vcs/perfrun1/plugins/perfcollector/src/controller.cpp:829
254 [139936023922432] INFO perfrun.perfcollector <> - pmu added : family : uncore_m2pcie , id : 0
254 [139936023922432] INFO perfrun.perfcollector <> - dir found : /sys/bus/event_source/devices/uncore_irp_4
254 [139936023922432] INFO perfrun.perfcollector <> - format: event config:0-7 mask:0-7
254 [139936023922432] INFO perfrun.perfcollector <> - format: edge config:18 mask:18
254 [139936023922432] INFO perfrun.perfcollector <> - format: inv config:23 mask:23
254 [139936023922432] INFO perfrun.perfcollector <> - format: umask config:8-15 mask:8-15
254 [139936023922432] INFO perfrun.perfcollector <> - format: thresh config:24-31 mask:24-31
254 [139936023922432] INFO perfrun.perfcollector <> - hwInfo : PERF_IRP_PMU_DETAILS
254 [139936023922432] INFO perfrun.perfcollector <> - pmu added : family : uncore_irp , id : 4
254 [139936023922432] INFO perfrun.perfcollector <> - dir found : /sys/bus/event_source/devices/uncore_cha_15
254 [139936023922432] INFO perfrun.perfcollector <> - format: event config:0-7 mask:0-7
254 [139936023922432] INFO perfrun.perfcollector <> - format: edge config:18 mask:18
254 [139936023922432] INFO perfrun.perfcollector <> - format: filter_tid config1:0-9 mask:0-9
254 [139936023922432] INFO perfrun.perfcollector <> - format: inv config:23 mask:23
254 [139936023922432] INFO perfrun.perfcollector <> - format: umask config:8-15,32-57 mask:8-15,32-57
254 [139936023922432] INFO perfrun.perfcollector <> - format: tid_en config:19 mask:19
254 [139936023922432] INFO perfrun.perfcollector <> - format: thresh config:24-31 mask:24-31
254 [139936023922432] INFO perfrun.perfcollector <> - hwInfo : PERF_CHA_PMU_DETAILS
254 [139936023922432] INFO perfrun.perfcollector <> - pmu added : family : uncore_cha , id : 15
254 [139936023922432] INFO perfrun.perfcollector <> - dir found : /sys/bus/event_source/devices/uncore_imc_free_running_2
254 [139936023922432] INFO perfrun.perfcollector <> - format: event config:0-7 mask:0-7
254 [139936023922432] INFO perfrun.perfcollector <> - format: umask config:8-15 mask:8-15
254 [139936023922432] WARN perfrun.perfcollector <> - pmu hwInfo is not set; pmuFam : uncore_imc_free_running, at file: vcs/perfrun1/plugins/perfcollector/src/controller.cpp:829
254 [139936023922432] INFO perfrun.perfcollector <> - pmu added : family : uncore_imc_free_running , id : 2
254 [139936023922432] INFO perfrun.perfcollector <> - dir found : /sys/bus/event_source/devices/uncore_imc_6
254 [139936023922432] INFO perfrun.perfcollector <> - format: event config:0-7 mask:0-7
254 [139936023922432] INFO perfrun.perfcollector <> - format: edge config:18 mask:18
254 [139936023922432] INFO perfrun.perfcollector <> - format: inv config:23 mask:23
254 [139936023922432] INFO perfrun.perfcollector <> - format: umask config:8-15 mask:8-15
254 [139936023922432] INFO perfrun.perfcollector <> - format: thresh config:24-31 mask:24-31
254 [139936023922432] INFO perfrun.perfcollector <> - hwInfo : PERF_IMC_PMU_DETAILS
254 [139936023922432] INFO perfrun.perfcollector <> - pmu added : family : uncore_imc , id : 6
254 [139936023922432] INFO perfrun.perfcollector <> - dir found : /sys/bus/event_source/devices/uncore_m3upi_1
254 [139936023922432] INFO perfrun.perfcollector <> - format: event config:0-7 mask:0-7
254 [139936023922432] INFO perfrun.perfcollector <> - format: edge config:18 mask:18
255 [139936023922432] INFO perfrun.perfcollector <> - format: inv config:23 mask:23
255 [139936023922432] INFO perfrun.perfcollector <> - format: umask config:8-15 mask:8-15
255 [139936023922432] INFO perfrun.perfcollector <> - format: thresh config:24-31 mask:24-31
255 [139936023922432] WARN perfrun.perfcollector <> - pmu hwInfo is not set; pmuFam : uncore_m3upi, at file: vcs/perfrun1/plugins/perfcollector/src/controller.cpp:829
255 [139936023922432] INFO perfrun.perfcollector <> - pmu added : family : uncore_m3upi , id : 1
255 [139936023922432] INFO perfrun.perfcollector <> - dir found : /sys/bus/event_source/devices/uncore_iio_0
255 [139936023922432] INFO perfrun.perfcollector <> - format: event config:0-7 mask:0-7
255 [139936023922432] INFO perfrun.perfcollector <> - format: edge config:18 mask:18
255 [139936023922432] INFO perfrun.perfcollector <> - format: fc_mask config:48-50 mask:48-50
255 [139936023922432] INFO perfrun.perfcollector <> - format: inv config:23 mask:23
255 [139936023922432] INFO perfrun.perfcollector <> - format: umask config:8-15 mask:8-15
255 [139936023922432] INFO perfrun.perfcollector <> - format: thresh config:24-35 mask:24-35
255 [139936023922432] INFO perfrun.perfcollector <> - format: ch_mask config:36-47 mask:36-47
255 [139936023922432] INFO perfrun.perfcollector <> - hwInfo : PERF_IIO_PMU_DETAILS
255 [139936023922432] INFO perfrun.perfcollector <> - pmu added : family : uncore_iio , id : 0
255 [139936023922432] INFO perfrun.perfcollector <> - dir found : /sys/bus/event_source/devices/tracepoint
255 [139936023922432] WARN perfrun.perfcollector <> - format subdir doesn't exist, at file: vcs/perfrun1/plugins/perfcollector/src/controller.cpp:730
255 [139936023922432] WARN perfrun.perfcollector <> - pmu hwInfo is not set; pmuFam : tracepoint, at file: vcs/perfrun1/plugins/perfcollector/src/controller.cpp:829
255 [139936023922432] INFO perfrun.perfcollector <> - pmu added : family : tracepoint , id : 0
255 [139936023922432] INFO perfrun.perfcollector <> - dir found : /sys/bus/event_source/devices/uncore_cha_0
255 [139936023922432] INFO perfrun.perfcollector <> - format: event config:0-7 mask:0-7
255 [139936023922432] INFO perfrun.perfcollector <> - format: edge config:18 mask:18
255 [139936023922432] INFO perfrun.perfcollector <> - format: filter_tid config1:0-9 mask:0-9
255 [139936023922432] INFO perfrun.perfcollector <> - format: inv config:23 mask:23
255 [139936023922432] INFO perfrun.perfcollector <> - format: umask config:8-15,32-57 mask:8-15,32-57
255 [139936023922432] INFO perfrun.perfcollector <> - format: tid_en config:19 mask:19
255 [139936023922432] INFO perfrun.perfcollector <> - format: thresh config:24-31 mask:24-31
255 [139936023922432] INFO perfrun.perfcollector <> - hwInfo : PERF_CHA_PMU_DETAILS
255 [139936023922432] INFO perfrun.perfcollector <> - pmu added : family : uncore_cha , id : 0
255 [139936023922432] INFO perfrun.perfcollector <> - dir found : /sys/bus/event_source/devices/uncore_cha_23
255 [139936023922432] INFO perfrun.perfcollector <> - format: event config:0-7 mask:0-7
255 [139936023922432] INFO perfrun.perfcollector <> - format: edge config:18 mask:18
255 [139936023922432] INFO perfrun.perfcollector <> - format: filter_tid config1:0-9 mask:0-9
255 [139936023922432] INFO perfrun.perfcollector <> - format: inv config:23 mask:23
255 [139936023922432] INFO perfrun.perfcollector <> - format: umask config:8-15,32-57 mask:8-15,32-57
255 [139936023922432] INFO perfrun.perfcollector <> - format: tid_en config:19 mask:19
255 [139936023922432] INFO perfrun.perfcollector <> - format: thresh config:24-31 mask:24-31
255 [139936023922432] INFO perfrun.perfcollector <> - hwInfo : PERF_CHA_PMU_DETAILS
255 [139936023922432] INFO perfrun.perfcollector <> - pmu added : family : uncore_cha , id : 23
255 [139936023922432] INFO perfrun.perfcollector <> - dir found : /sys/bus/event_source/devices/uncore_irp_2
255 [139936023922432] INFO perfrun.perfcollector <> - format: event config:0-7 mask:0-7
255 [139936023922432] INFO perfrun.perfcollector <> - format: edge config:18 mask:18
255 [139936023922432] INFO perfrun.perfcollector <> - format: inv config:23 mask:23
255 [139936023922432] INFO perfrun.perfcollector <> - format: umask config:8-15 mask:8-15
255 [139936023922432] INFO perfrun.perfcollector <> - format: thresh config:24-31 mask:24-31
256 [139936023922432] INFO perfrun.perfcollector <> - hwInfo : PERF_IRP_PMU_DETAILS
256 [139936023922432] INFO perfrun.perfcollector <> - pmu added : family : uncore_irp , id : 2
256 [139936023922432] INFO perfrun.perfcollector <> - dir found : /sys/bus/event_source/devices/uncore_m2m_2
256 [139936023922432] INFO perfrun.perfcollector <> - format: event config:0-7 mask:0-7
256 [139936023922432] INFO perfrun.perfcollector <> - format: edge config:18 mask:18
256 [139936023922432] INFO perfrun.perfcollector <> - format: inv config:23 mask:23
256 [139936023922432] INFO perfrun.perfcollector <> - format: umask config:8-15 mask:8-15
256 [139936023922432] INFO perfrun.perfcollector <> - format: thresh config:24-31 mask:24-31
256 [139936023922432] INFO perfrun.perfcollector <> - hwInfo : PERF_M2M_PMU_DETAILS
256 [139936023922432] INFO perfrun.perfcollector <> - pmu added : family : uncore_m2m , id : 2
256 [139936023922432] INFO perfrun.perfcollector <> - dir found : /sys/bus/event_source/devices/uncore_cha_13
256 [139936023922432] INFO perfrun.perfcollector <> - format: event config:0-7 mask:0-7
256 [139936023922432] INFO perfrun.perfcollector <> - format: edge config:18 mask:18
256 [139936023922432] INFO perfrun.perfcollector <> - format: filter_tid config1:0-9 mask:0-9
256 [139936023922432] INFO perfrun.perfcollector <> - format: inv config:23 mask:23
256 [139936023922432] INFO perfrun.perfcollector <> - format: umask config:8-15,32-57 mask:8-15,32-57
256 [139936023922432] INFO perfrun.perfcollector <> - format: tid_en config:19 mask:19
256 [139936023922432] INFO perfrun.perfcollector <> - format: thresh config:24-31 mask:24-31
256 [139936023922432] INFO perfrun.perfcollector <> - hwInfo : PERF_CHA_PMU_DETAILS
256 [139936023922432] INFO perfrun.perfcollector <> - pmu added : family : uncore_cha , id : 13
256 [139936023922432] INFO perfrun.perfcollector <> - dir found : /sys/bus/event_source/devices/uncore_imc_free_running_0
256 [139936023922432] INFO perfrun.perfcollector <> - format: event config:0-7 mask:0-7
256 [139936023922432] INFO perfrun.perfcollector <> - format: umask config:8-15 mask:8-15
256 [139936023922432] WARN perfrun.perfcollector <> - pmu hwInfo is not set; pmuFam : uncore_imc_free_running, at file: vcs/perfrun1/plugins/perfcollector/src/controller.cpp:829
256 [139936023922432] INFO perfrun.perfcollector <> - pmu added : family : uncore_imc_free_running , id : 0
256 [139936023922432] INFO perfrun.perfcollector <> - dir found : /sys/bus/event_source/devices/uncore_imc_4
256 [139936023922432] INFO perfrun.perfcollector <> - format: event config:0-7 mask:0-7
256 [139936023922432] INFO perfrun.perfcollector <> - format: edge config:18 mask:18
256 [139936023922432] INFO perfrun.perfcollector <> - format: inv config:23 mask:23
256 [139936023922432] INFO perfrun.perfcollector <> - format: umask config:8-15 mask:8-15
256 [139936023922432] INFO perfrun.perfcollector <> - format: thresh config:24-31 mask:24-31
256 [139936023922432] INFO perfrun.perfcollector <> - hwInfo : PERF_IMC_PMU_DETAILS
256 [139936023922432] INFO perfrun.perfcollector <> - pmu added : family : uncore_imc , id : 4
256 [139936023922432] INFO perfrun.perfcollector <> - dir found : /sys/bus/event_source/devices/uncore_cha_9
256 [139936023922432] INFO perfrun.perfcollector <> - format: event config:0-7 mask:0-7
256 [139936023922432] INFO perfrun.perfcollector <> - format: edge config:18 mask:18
256 [139936023922432] INFO perfrun.perfcollector <> - format: filter_tid config1:0-9 mask:0-9
256 [139936023922432] INFO perfrun.perfcollector <> - format: inv config:23 mask:23
257 [139936023922432] INFO perfrun.perfcollector <> - format: umask config:8-15,32-57 mask:8-15,32-57
257 [139936023922432] INFO perfrun.perfcollector <> - format: tid_en config:19 mask:19
257 [139936023922432] INFO perfrun.perfcollector <> - format: thresh config:24-31 mask:24-31
257 [139936023922432] INFO perfrun.perfcollector <> - hwInfo : PERF_CHA_PMU_DETAILS
257 [139936023922432] INFO perfrun.perfcollector <> - pmu added : family : uncore_cha , id : 9
257 [139936023922432] INFO perfrun.perfcollector <> - dir found : /sys/bus/event_source/devices/uncore_iio_free_running_4
257 [139936023922432] INFO perfrun.perfcollector <> - format: event config:0-7 mask:0-7
257 [139936023922432] INFO perfrun.perfcollector <> - format: umask config:8-15 mask:8-15
257 [139936023922432] WARN perfrun.perfcollector <> - pmu hwInfo is not set; pmuFam : uncore_iio_free_running, at file: vcs/perfrun1/plugins/perfcollector/src/controller.cpp:829
257 [139936023922432] INFO perfrun.perfcollector <> - pmu added : family : uncore_iio_free_running , id : 4
257 [139936023922432] INFO perfrun.perfcollector <> - dir found : /sys/bus/event_source/devices/uncore_ubox
257 [139936023922432] INFO perfrun.perfcollector <> - format: event config:0-7 mask:0-7
257 [139936023922432] INFO perfrun.perfcollector <> - format: edge config:18 mask:18
257 [139936023922432] INFO perfrun.perfcollector <> - format: inv config:23 mask:23
257 [139936023922432] INFO perfrun.perfcollector <> - format: umask config:8-15 mask:8-15
257 [139936023922432] INFO perfrun.perfcollector <> - format: thresh config:24-28 mask:24-28
257 [139936023922432] WARN perfrun.perfcollector <> - pmu hwInfo is not set; pmuFam : uncore_ubox, at file: vcs/perfrun1/plugins/perfcollector/src/controller.cpp:829
258 [139936023922432] INFO perfrun.perfcollector <> - pmu added : family : uncore_ubox , id : 0
258 [139936023922432] INFO perfrun.perfcollector <> - dir found : /sys/bus/event_source/devices/uncore_cha_21
258 [139936023922432] INFO perfrun.perfcollector <> - format: event config:0-7 mask:0-7
258 [139936023922432] INFO perfrun.perfcollector <> - format: edge config:18 mask:18
258 [139936023922432] INFO perfrun.perfcollector <> - format: filter_tid config1:0-9 mask:0-9
258 [139936023922432] INFO perfrun.perfcollector <> - format: inv config:23 mask:23
258 [139936023922432] INFO perfrun.perfcollector <> - format: umask config:8-15,32-57 mask:8-15,32-57
258 [139936023922432] INFO perfrun.perfcollector <> - format: tid_en config:19 mask:19
258 [139936023922432] INFO perfrun.perfcollector <> - format: thresh config:24-31 mask:24-31
258 [139936023922432] INFO perfrun.perfcollector <> - hwInfo : PERF_CHA_PMU_DETAILS
258 [139936023922432] INFO perfrun.perfcollector <> - pmu added : family : uncore_cha , id : 21
258 [139936023922432] INFO perfrun.perfcollector <> - dir found : /sys/bus/event_source/devices/uncore_irp_0
258 [139936023922432] INFO perfrun.perfcollector <> - format: event config:0-7 mask:0-7
258 [139936023922432] INFO perfrun.perfcollector <> - format: edge config:18 mask:18
258 [139936023922432] INFO perfrun.perfcollector <> - format: inv config:23 mask:23
258 [139936023922432] INFO perfrun.perfcollector <> - format: umask config:8-15 mask:8-15
258 [139936023922432] INFO perfrun.perfcollector <> - format: thresh config:24-31 mask:24-31
258 [139936023922432] INFO perfrun.perfcollector <> - hwInfo : PERF_IRP_PMU_DETAILS
258 [139936023922432] INFO perfrun.perfcollector <> - pmu added : family : uncore_irp , id : 0
258 [139936023922432] INFO perfrun.perfcollector <> - dir found : /sys/bus/event_source/devices/uncore_m2m_0
258 [139936023922432] INFO perfrun.perfcollector <> - format: event config:0-7 mask:0-7
258 [139936023922432] INFO perfrun.perfcollector <> - format: edge config:18 mask:18
258 [139936023922432] INFO perfrun.perfcollector <> - format: inv config:23 mask:23
258 [139936023922432] INFO perfrun.perfcollector <> - format: umask config:8-15 mask:8-15
258 [139936023922432] INFO perfrun.perfcollector <> - format: thresh config:24-31 mask:24-31
258 [139936023922432] INFO perfrun.perfcollector <> - hwInfo : PERF_M2M_PMU_DETAILS
258 [139936023922432] INFO perfrun.perfcollector <> - pmu added : family : uncore_m2m , id : 0
258 [139936023922432] INFO perfrun.perfcollector <> - dir found : /sys/bus/event_source/devices/uncore_cha_11
258 [139936023922432] INFO perfrun.perfcollector <> - format: event config:0-7 mask:0-7
258 [139936023922432] INFO perfrun.perfcollector <> - format: edge config:18 mask:18
258 [139936023922432] INFO perfrun.perfcollector <> - format: filter_tid config1:0-9 mask:0-9
258 [139936023922432] INFO perfrun.perfcollector <> - format: inv config:23 mask:23
258 [139936023922432] INFO perfrun.perfcollector <> - format: umask config:8-15,32-57 mask:8-15,32-57
258 [139936023922432] INFO perfrun.perfcollector <> - format: tid_en config:19 mask:19
258 [139936023922432] INFO perfrun.perfcollector <> - format: thresh config:24-31 mask:24-31
258 [139936023922432] INFO perfrun.perfcollector <> - hwInfo : PERF_CHA_PMU_DETAILS
258 [139936023922432] INFO perfrun.perfcollector <> - pmu added : family : uncore_cha , id : 11
258 [139936023922432] INFO perfrun.perfcollector <> - dir found : /sys/bus/event_source/devices/uncore_imc_2
258 [139936023922432] INFO perfrun.perfcollector <> - format: event config:0-7 mask:0-7
258 [139936023922432] INFO perfrun.perfcollector <> - format: edge config:18 mask:18
258 [139936023922432] INFO perfrun.perfcollector <> - format: inv config:23 mask:23
258 [139936023922432] INFO perfrun.perfcollector <> - format: umask config:8-15 mask:8-15
258 [139936023922432] INFO perfrun.perfcollector <> - format: thresh config:24-31 mask:24-31
258 [139936023922432] INFO perfrun.perfcollector <> - hwInfo : PERF_IMC_PMU_DETAILS
258 [139936023922432] INFO perfrun.perfcollector <> - pmu added : family : uncore_imc , id : 2
258 [139936023922432] INFO perfrun.perfcollector <> - dir found : /sys/bus/event_source/devices/uncore_upi_2
258 [139936023922432] INFO perfrun.perfcollector <> - format: event config:0-7 mask:0-7
259 [139936023922432] INFO perfrun.perfcollector <> - format: edge config:18 mask:18
259 [139936023922432] INFO perfrun.perfcollector <> - format: inv config:23 mask:23
259 [139936023922432] INFO perfrun.perfcollector <> - format: umask config:8-15,32-55 mask:8-15,32-55
259 [139936023922432] INFO perfrun.perfcollector <> - format: thresh config:24-31 mask:24-31
259 [139936023922432] INFO perfrun.perfcollector <> - hwInfo : PERF_UPI_PMU_DETAILS
259 [139936023922432] INFO perfrun.perfcollector <> - pmu added : family : uncore_upi , id : 2
259 [139936023922432] INFO perfrun.perfcollector <> - dir found : /sys/bus/event_source/devices/kprobe
259 [139936023922432] INFO perfrun.perfcollector <> - format: retprobe config:0 mask:0
259 [139936023922432] WARN perfrun.perfcollector <> - pmu hwInfo is not set; pmuFam : kprobe, at file: vcs/perfrun1/plugins/perfcollector/src/controller.cpp:829
259 [139936023922432] INFO perfrun.perfcollector <> - pmu added : family : kprobe , id : 0
259 [139936023922432] INFO perfrun.perfcollector <> - dir found : /sys/bus/event_source/devices/uncore_cha_7
259 [139936023922432] INFO perfrun.perfcollector <> - format: event config:0-7 mask:0-7
259 [139936023922432] INFO perfrun.perfcollector <> - format: edge config:18 mask:18
259 [139936023922432] INFO perfrun.perfcollector <> - format: filter_tid config1:0-9 mask:0-9
259 [139936023922432] INFO perfrun.perfcollector <> - format: inv config:23 mask:23
259 [139936023922432] INFO perfrun.perfcollector <> - format: umask config:8-15,32-57 mask:8-15,32-57
259 [139936023922432] INFO perfrun.perfcollector <> - format: tid_en config:19 mask:19
259 [139936023922432] INFO perfrun.perfcollector <> - format: thresh config:24-31 mask:24-31
259 [139936023922432] INFO perfrun.perfcollector <> - hwInfo : PERF_CHA_PMU_DETAILS
259 [139936023922432] INFO perfrun.perfcollector <> - pmu added : family : uncore_cha , id : 7
259 [139936023922432] INFO perfrun.perfcollector <> - dir found : /sys/bus/event_source/devices/uncore_iio_free_running_2
259 [139936023922432] INFO perfrun.perfcollector <> - format: event config:0-7 mask:0-7
259 [139936023922432] INFO perfrun.perfcollector <> - format: umask config:8-15 mask:8-15
259 [139936023922432] WARN perfrun.perfcollector <> - pmu hwInfo is not set; pmuFam : uncore_iio_free_running, at file: vcs/perfrun1/plugins/perfcollector/src/controller.cpp:829
259 [139936023922432] INFO perfrun.perfcollector <> - pmu added : family : uncore_iio_free_running , id : 2
259 [139936023922432] INFO perfrun.perfcollector <> - dir found : /sys/bus/event_source/devices/uncore_m2pcie_5
259 [139936023922432] INFO perfrun.perfcollector <> - format: event config:0-7 mask:0-7
259 [139936023922432] INFO perfrun.perfcollector <> - format: edge config:18 mask:18
259 [139936023922432] INFO perfrun.perfcollector <> - format: inv config:23 mask:23
259 [139936023922432] INFO perfrun.perfcollector <> - format: umask config:8-15 mask:8-15
259 [139936023922432] INFO perfrun.perfcollector <> - format: thresh config:24-31 mask:24-31
259 [139936023922432] WARN perfrun.perfcollector <> - pmu hwInfo is not set; pmuFam : uncore_m2pcie, at file: vcs/perfrun1/plugins/perfcollector/src/controller.cpp:829
259 [139936023922432] INFO perfrun.perfcollector <> - pmu added : family : uncore_m2pcie , id : 5
259 [139936023922432] INFO perfrun.perfcollector <> - dir found : /sys/bus/event_source/devices/uncore_iio_5
259 [139936023922432] INFO perfrun.perfcollector <> - format: event config:0-7 mask:0-7
259 [139936023922432] INFO perfrun.perfcollector <> - format: edge config:18 mask:18
259 [139936023922432] INFO perfrun.perfcollector <> - format: fc_mask config:48-50 mask:48-50
259 [139936023922432] INFO perfrun.perfcollector <> - format: inv config:23 mask:23
259 [139936023922432] INFO perfrun.perfcollector <> - format: umask config:8-15 mask:8-15
259 [139936023922432] INFO perfrun.perfcollector <> - format: thresh config:24-35 mask:24-35
259 [139936023922432] INFO perfrun.perfcollector <> - format: ch_mask config:36-47 mask:36-47
259 [139936023922432] INFO perfrun.perfcollector <> - hwInfo : PERF_IIO_PMU_DETAILS
259 [139936023922432] INFO perfrun.perfcollector <> - pmu added : family : uncore_iio , id : 5
259 [139936023922432] INFO perfrun.perfcollector <> - dir found : /sys/bus/event_source/devices/uncore_imc_0
259 [139936023922432] INFO perfrun.perfcollector <> - format: event config:0-7 mask:0-7
259 [139936023922432] INFO perfrun.perfcollector <> - format: edge config:18 mask:18
259 [139936023922432] INFO perfrun.perfcollector <> - format: inv config:23 mask:23
259 [139936023922432] INFO perfrun.perfcollector <> - format: umask config:8-15 mask:8-15
259 [139936023922432] INFO perfrun.perfcollector <> - format: thresh config:24-31 mask:24-31
259 [139936023922432] INFO perfrun.perfcollector <> - hwInfo : PERF_IMC_PMU_DETAILS
260 [139936023922432] INFO perfrun.perfcollector <> - pmu added : family : uncore_imc , id : 0
260 [139936023922432] INFO perfrun.perfcollector <> - dir found : /sys/bus/event_source/devices/uncore_upi_0
260 [139936023922432] INFO perfrun.perfcollector <> - format: event config:0-7 mask:0-7
260 [139936023922432] INFO perfrun.perfcollector <> - format: edge config:18 mask:18
260 [139936023922432] INFO perfrun.perfcollector <> - format: inv config:23 mask:23
260 [139936023922432] INFO perfrun.perfcollector <> - format: umask config:8-15,32-55 mask:8-15,32-55
260 [139936023922432] INFO perfrun.perfcollector <> - format: thresh config:24-31 mask:24-31
260 [139936023922432] INFO perfrun.perfcollector <> - hwInfo : PERF_UPI_PMU_DETAILS
260 [139936023922432] INFO perfrun.perfcollector <> - pmu added : family : uncore_upi , id : 0
260 [139936023922432] INFO perfrun.perfcollector <> - dir found : /sys/bus/event_source/devices/uncore_cha_5
260 [139936023922432] INFO perfrun.perfcollector <> - format: event config:0-7 mask:0-7
260 [139936023922432] INFO perfrun.perfcollector <> - format: edge config:18 mask:18
260 [139936023922432] INFO perfrun.perfcollector <> - format: filter_tid config1:0-9 mask:0-9
260 [139936023922432] INFO perfrun.perfcollector <> - format: inv config:23 mask:23
260 [139936023922432] INFO perfrun.perfcollector <> - format: umask config:8-15,32-57 mask:8-15,32-57
260 [139936023922432] INFO perfrun.perfcollector <> - format: tid_en config:19 mask:19
260 [139936023922432] INFO perfrun.perfcollector <> - format: thresh config:24-31 mask:24-31
260 [139936023922432] INFO perfrun.perfcollector <> - hwInfo : PERF_CHA_PMU_DETAILS
260 [139936023922432] INFO perfrun.perfcollector <> - pmu added : family : uncore_cha , id : 5
260 [139936023922432] INFO perfrun.perfcollector <> - dir found : /sys/bus/event_source/devices/uncore_iio_free_running_0
260 [139936023922432] INFO perfrun.perfcollector <> - format: event config:0-7 mask:0-7
260 [139936023922432] INFO perfrun.perfcollector <> - format: umask config:8-15 mask:8-15
260 [139936023922432] WARN perfrun.perfcollector <> - pmu hwInfo is not set; pmuFam : uncore_iio_free_running, at file: vcs/perfrun1/plugins/perfcollector/src/controller.cpp:829
260 [139936023922432] INFO perfrun.perfcollector <> - pmu added : family : uncore_iio_free_running , id : 0
260 [139936023922432] INFO perfrun.perfcollector <> - dir found : /sys/bus/event_source/devices/uncore_pcu
260 [139936023922432] INFO perfrun.perfcollector <> - format: filter_band2 config1:16-23 mask:16-23
260 [139936023922432] INFO perfrun.perfcollector <> - format: event config:0-7 mask:0-7
260 [139936023922432] INFO perfrun.perfcollector <> - format: filter_band0 config1:0-7 mask:0-7
260 [139936023922432] INFO perfrun.perfcollector <> - format: edge config:18 mask:18
260 [139936023922432] INFO perfrun.perfcollector <> - format: occ_invert config:30 mask:30
260 [139936023922432] INFO perfrun.perfcollector <> - format: filter_band3 config1:24-31 mask:24-31
260 [139936023922432] INFO perfrun.perfcollector <> - format: filter_band1 config1:8-15 mask:8-15
260 [139936023922432] INFO perfrun.perfcollector <> - format: inv config:23 mask:23
260 [139936023922432] INFO perfrun.perfcollector <> - format: umask config:8-15 mask:8-15
260 [139936023922432] INFO perfrun.perfcollector <> - format: occ_edge_det config:31 mask:31
260 [139936023922432] INFO perfrun.perfcollector <> - format: thresh config:24-31 mask:24-31
260 [139936023922432] WARN perfrun.perfcollector <> - pmu hwInfo is not set; pmuFam : uncore_pcu, at file: vcs/perfrun1/plugins/perfcollector/src/controller.cpp:829
260 [139936023922432] INFO perfrun.perfcollector <> - pmu added : family : uncore_pcu , id : 0
260 [139936023922432] INFO perfrun.perfcollector <> - dir found : /sys/bus/event_source/devices/uncore_m2pcie_3
260 [139936023922432] INFO perfrun.perfcollector <> - format: event config:0-7 mask:0-7
260 [139936023922432] INFO perfrun.perfcollector <> - format: edge config:18 mask:18
260 [139936023922432] INFO perfrun.perfcollector <> - format: inv config:23 mask:23
260 [139936023922432] INFO perfrun.perfcollector <> - format: umask config:8-15 mask:8-15
260 [139936023922432] INFO perfrun.perfcollector <> - format: thresh config:24-31 mask:24-31
260 [139936023922432] WARN perfrun.perfcollector <> - pmu hwInfo is not set; pmuFam : uncore_m2pcie, at file: vcs/perfrun1/plugins/perfcollector/src/controller.cpp:829
260 [139936023922432] INFO perfrun.perfcollector <> - pmu added : family : uncore_m2pcie , id : 3
260 [139936023922432] INFO perfrun.perfcollector <> - dir found : /sys/bus/event_source/devices/uncore_cha_18
260 [139936023922432] INFO perfrun.perfcollector <> - format: event config:0-7 mask:0-7
260 [139936023922432] INFO perfrun.perfcollector <> - format: edge config:18 mask:18
260 [139936023922432] INFO perfrun.perfcollector <> - format: filter_tid config1:0-9 mask:0-9
260 [139936023922432] INFO perfrun.perfcollector <> - format: inv config:23 mask:23
260 [139936023922432] INFO perfrun.perfcollector <> - format: umask config:8-15,32-57 mask:8-15,32-57
260 [139936023922432] INFO perfrun.perfcollector <> - format: tid_en config:19 mask:19
260 [139936023922432] INFO perfrun.perfcollector <> - format: thresh config:24-31 mask:24-31
260 [139936023922432] INFO perfrun.perfcollector <> - hwInfo : PERF_CHA_PMU_DETAILS
260 [139936023922432] INFO perfrun.perfcollector <> - pmu added : family : uncore_cha , id : 18
260 [139936023922432] INFO perfrun.perfcollector <> - dir found : /sys/bus/event_source/devices/msr
260 [139936023922432] INFO perfrun.perfcollector <> - format: event config:0-63 mask:0-63
260 [139936023922432] WARN perfrun.perfcollector <> - pmu hwInfo is not set; pmuFam : msr, at file: vcs/perfrun1/plugins/perfcollector/src/controller.cpp:829
260 [139936023922432] INFO perfrun.perfcollector <> - pmu added : family : msr , id : 0
261 [139936023922432] INFO perfrun.perfcollector <> - dir found : /sys/bus/event_source/devices/uncore_iio_3
261 [139936023922432] INFO perfrun.perfcollector <> - format: event config:0-7 mask:0-7
261 [139936023922432] INFO perfrun.perfcollector <> - format: edge config:18 mask:18
261 [139936023922432] INFO perfrun.perfcollector <> - format: fc_mask config:48-50 mask:48-50
261 [139936023922432] INFO perfrun.perfcollector <> - format: inv config:23 mask:23
261 [139936023922432] INFO perfrun.perfcollector <> - format: umask config:8-15 mask:8-15
261 [139936023922432] INFO perfrun.perfcollector <> - format: thresh config:24-35 mask:24-35
261 [139936023922432] INFO perfrun.perfcollector <> - format: ch_mask config:36-47 mask:36-47
261 [139936023922432] INFO perfrun.perfcollector <> - hwInfo : PERF_IIO_PMU_DETAILS
261 [139936023922432] INFO perfrun.perfcollector <> - pmu added : family : uncore_iio , id : 3
261 [139936023922432] INFO perfrun.perfcollector <> - dir found : /sys/bus/event_source/devices/intel_pt
261 [139936023922432] INFO perfrun.perfcollector <> - format: ptw config:12 mask:12
261 [139936023922432] INFO perfrun.perfcollector <> - format: cyc_thresh config:19-22 mask:19-22
261 [139936023922432] INFO perfrun.perfcollector <> - format: pt config:0 mask:0
261 [139936023922432] INFO perfrun.perfcollector <> - format: branch config:13 mask:13
261 [139936023922432] INFO perfrun.perfcollector <> - format: tsc config:10 mask:10
261 [139936023922432] INFO perfrun.perfcollector <> - format: pwr_evt config:4 mask:4
261 [139936023922432] INFO perfrun.perfcollector <> - format: fup_on_ptw config:5 mask:5
261 [139936023922432] INFO perfrun.perfcollector <> - format: cyc config:1 mask:1
261 [139936023922432] INFO perfrun.perfcollector <> - format: noretcomp config:11 mask:11
261 [139936023922432] INFO perfrun.perfcollector <> - format: mtc config:9 mask:9
261 [139936023922432] INFO perfrun.perfcollector <> - format: psb_period config:24-27 mask:24-27
261 [139936023922432] INFO perfrun.perfcollector <> - format: mtc_period config:14-17 mask:14-17
261 [139936023922432] WARN perfrun.perfcollector <> - pmu hwInfo is not set; pmuFam : intel_pt, at file: vcs/perfrun1/plugins/perfcollector/src/controller.cpp:829
261 [139936023922432] INFO perfrun.perfcollector <> - pmu added : family : intel_pt , id : 0
261 [139936023922432] INFO perfrun.perfcollector <> - dir found : /sys/bus/event_source/devices/uncore_cha_3
261 [139936023922432] INFO perfrun.perfcollector <> - format: event config:0-7 mask:0-7
261 [139936023922432] INFO perfrun.perfcollector <> - format: edge config:18 mask:18
261 [139936023922432] INFO perfrun.perfcollector <> - format: filter_tid config1:0-9 mask:0-9
261 [139936023922432] INFO perfrun.perfcollector <> - format: inv config:23 mask:23
261 [139936023922432] INFO perfrun.perfcollector <> - format: umask config:8-15,32-57 mask:8-15,32-57
261 [139936023922432] INFO perfrun.perfcollector <> - format: tid_en config:19 mask:19
261 [139936023922432] INFO perfrun.perfcollector <> - format: thresh config:24-31 mask:24-31
261 [139936023922432] INFO perfrun.perfcollector <> - hwInfo : PERF_CHA_PMU_DETAILS
261 [139936023922432] INFO perfrun.perfcollector <> - pmu added : family : uncore_cha , id : 3
261 [139936023922432] INFO perfrun.perfcollector <> - dir found : /sys/bus/event_source/devices/uncore_m2pcie_1
261 [139936023922432] INFO perfrun.perfcollector <> - format: event config:0-7 mask:0-7
261 [139936023922432] INFO perfrun.perfcollector <> - format: edge config:18 mask:18
261 [139936023922432] INFO perfrun.perfcollector <> - format: inv config:23 mask:23
261 [139936023922432] INFO perfrun.perfcollector <> - format: umask config:8-15 mask:8-15
261 [139936023922432] INFO perfrun.perfcollector <> - format: thresh config:24-31 mask:24-31
261 [139936023922432] WARN perfrun.perfcollector <> - pmu hwInfo is not set; pmuFam : uncore_m2pcie, at file: vcs/perfrun1/plugins/perfcollector/src/controller.cpp:829
261 [139936023922432] INFO perfrun.perfcollector <> - pmu added : family : uncore_m2pcie , id : 1
261 [139936023922432] INFO perfrun.perfcollector <> - dir found : /sys/bus/event_source/devices/uncore_irp_5
261 [139936023922432] INFO perfrun.perfcollector <> - format: event config:0-7 mask:0-7
261 [139936023922432] INFO perfrun.perfcollector <> - format: edge config:18 mask:18
261 [139936023922432] INFO perfrun.perfcollector <> - format: inv config:23 mask:23
261 [139936023922432] INFO perfrun.perfcollector <> - format: umask config:8-15 mask:8-15
261 [139936023922432] INFO perfrun.perfcollector <> - format: thresh config:24-31 mask:24-31
261 [139936023922432] INFO perfrun.perfcollector <> - hwInfo : PERF_IRP_PMU_DETAILS
261 [139936023922432] INFO perfrun.perfcollector <> - pmu added : family : uncore_irp , id : 5
261 [139936023922432] INFO perfrun.perfcollector <> - dir found : /sys/bus/event_source/devices/uncore_cha_16
261 [139936023922432] INFO perfrun.perfcollector <> - format: event config:0-7 mask:0-7
261 [139936023922432] INFO perfrun.perfcollector <> - format: edge config:18 mask:18
261 [139936023922432] INFO perfrun.perfcollector <> - format: filter_tid config1:0-9 mask:0-9
261 [139936023922432] INFO perfrun.perfcollector <> - format: inv config:23 mask:23
261 [139936023922432] INFO perfrun.perfcollector <> - format: umask config:8-15,32-57 mask:8-15,32-57
261 [139936023922432] INFO perfrun.perfcollector <> - format: tid_en config:19 mask:19
261 [139936023922432] INFO perfrun.perfcollector <> - format: thresh config:24-31 mask:24-31
261 [139936023922432] INFO perfrun.perfcollector <> - hwInfo : PERF_CHA_PMU_DETAILS
261 [139936023922432] INFO perfrun.perfcollector <> - pmu added : family : uncore_cha , id : 16
261 [139936023922432] INFO perfrun.perfcollector <> - dir found : /sys/bus/event_source/devices/uncore_imc_free_running_3
261 [139936023922432] INFO perfrun.perfcollector <> - format: event config:0-7 mask:0-7
261 [139936023922432] INFO perfrun.perfcollector <> - format: umask config:8-15 mask:8-15
261 [139936023922432] WARN perfrun.perfcollector <> - pmu hwInfo is not set; pmuFam : uncore_imc_free_running, at file: vcs/perfrun1/plugins/perfcollector/src/controller.cpp:829
261 [139936023922432] INFO perfrun.perfcollector <> - pmu added : family : uncore_imc_free_running , id : 3
261 [139936023922432] INFO perfrun.perfcollector <> - dir found : /sys/bus/event_source/devices/uncore_imc_7
261 [139936023922432] INFO perfrun.perfcollector <> - format: event config:0-7 mask:0-7
262 [139936023922432] INFO perfrun.perfcollector <> - format: edge config:18 mask:18
262 [139936023922432] INFO perfrun.perfcollector <> - format: inv config:23 mask:23
262 [139936023922432] INFO perfrun.perfcollector <> - format: umask config:8-15 mask:8-15
262 [139936023922432] INFO perfrun.perfcollector <> - format: thresh config:24-31 mask:24-31
262 [139936023922432] INFO perfrun.perfcollector <> - hwInfo : PERF_IMC_PMU_DETAILS
262 [139936023922432] INFO perfrun.perfcollector <> - pmu added : family : uncore_imc , id : 7
262 [139936023922432] INFO perfrun.perfcollector <> - dir found : /sys/bus/event_source/devices/uncore_m3upi_2
262 [139936023922432] INFO perfrun.perfcollector <> - format: event config:0-7 mask:0-7
262 [139936023922432] INFO perfrun.perfcollector <> - format: edge config:18 mask:18
262 [139936023922432] INFO perfrun.perfcollector <> - format: inv config:23 mask:23
262 [139936023922432] INFO perfrun.perfcollector <> - format: umask config:8-15 mask:8-15
262 [139936023922432] INFO perfrun.perfcollector <> - format: thresh config:24-31 mask:24-31
262 [139936023922432] WARN perfrun.perfcollector <> - pmu hwInfo is not set; pmuFam : uncore_m3upi, at file: vcs/perfrun1/plugins/perfcollector/src/controller.cpp:829
262 [139936023922432] INFO perfrun.perfcollector <> - pmu added : family : uncore_m3upi , id : 2
262 [139936023922432] INFO perfrun.perfcollector <> - dir found : /sys/bus/event_source/devices/uncore_iio_1
262 [139936023922432] INFO perfrun.perfcollector <> - format: event config:0-7 mask:0-7
262 [139936023922432] INFO perfrun.perfcollector <> - format: edge config:18 mask:18
262 [139936023922432] INFO perfrun.perfcollector <> - format: fc_mask config:48-50 mask:48-50
262 [139936023922432] INFO perfrun.perfcollector <> - format: inv config:23 mask:23
262 [139936023922432] INFO perfrun.perfcollector <> - format: umask config:8-15 mask:8-15
262 [139936023922432] INFO perfrun.perfcollector <> - format: thresh config:24-35 mask:24-35
262 [139936023922432] INFO perfrun.perfcollector <> - format: ch_mask config:36-47 mask:36-47
262 [139936023922432] INFO perfrun.perfcollector <> - hwInfo : PERF_IIO_PMU_DETAILS
262 [139936023922432] INFO perfrun.perfcollector <> - pmu added : family : uncore_iio , id : 1
262 [139936023922432] WARN perfrun.launcher <> - Messenger::say: Only user space will be profiled due to credentials lack. Consider changing /proc/sys/kernel/perf_event_paranoid file for enabling kernel space profiling.
262 [139936023922432] INFO perfrun.sdk <> - runCmd: "/software/intel/oneapi_hpc_2022.1/vtune/2022.0.0/bin64/sep" -dry-run -sam 1 -ec "CPU_CLK_UNHALTED.THREAD,CPU_CLK_UNHALTED.REF_TSC:sample:sa=3100000,INST_RETIRED.ANY:sample:sa=3100000,CPU_CLK_UNHALTED.DISTRIBUTED,FP_ARITH_INST_RETIRED.SCALAR_SINGLE,FP_ARITH_INST_RETIRED.128B_PACKED_SINGLE,FP_ARITH_INST_RETIRED.256B_PACKED_SINGLE,FP_ARITH_INST_RETIRED.SCALAR_DOUBLE,FP_ARITH_INST_RETIRED.128B_PACKED_DOUBLE,FP_ARITH_INST_RETIRED.256B_PACKED_DOUBLE,UOPS_EXECUTED.X87,UOPS_RETIRED.SLOTS:sample:sa=2000003,UOPS_EXECUTED.THREAD,FP_ARITH_INST_RETIRED.512B_PACKED_DOUBLE,FP_ARITH_INST_RETIRED.512B_PACKED_SINGLE,TOPDOWN.SLOTS:sample:sa=2000003" -experimental
263 [139936023922432] INFO perfrun.sdk <> - runCmd started PID 1591710
524 [139936023922432] INFO perfrun.perfcollector <> - SepDryRun RC = true
524 [139936023922432] INFO perfrun.perfcollector <> - DRY_RUN : "PMU type: Core (core)"
530 [139936023922432] INFO perfrun.perfcollector <> - pmu type : cpu
531 [139936023922432] INFO perfrun.perfcollector <> - DRY_RUN : "Group 0:"
531 [139936023922432] INFO perfrun.perfcollector <> - id : 0
531 [139936023922432] INFO perfrun.perfcollector <> - DRY_RUN : "INST_RETIRED.ANY: event id 2"
531 [139936023922432] INFO perfrun.perfcollector <> - eventName : INST_RETIRED.ANY , eventId : 2
531 [139936023922432] INFO perfrun.perfcollector <> - DRY_RUN : "CPU_CLK_UNHALTED.THREAD: event id 0"
531 [139936023922432] INFO perfrun.perfcollector <> - eventName : CPU_CLK_UNHALTED.THREAD , eventId : 0
531 [139936023922432] INFO perfrun.perfcollector <> - DRY_RUN : "CPU_CLK_UNHALTED.REF_TSC: event id 1"
531 [139936023922432] INFO perfrun.perfcollector <> - eventName : CPU_CLK_UNHALTED.REF_TSC , eventId : 1
531 [139936023922432] INFO perfrun.perfcollector <> - DRY_RUN : "TOPDOWN.SLOTS: event id 15"
531 [139936023922432] INFO perfrun.perfcollector <> - eventName : TOPDOWN.SLOTS , eventId : 15
531 [139936023922432] INFO perfrun.perfcollector <> - DRY_RUN : "CPU_CLK_UNHALTED.DISTRIBUTED: event id 3"
531 [139936023922432] INFO perfrun.perfcollector <> - eventName : CPU_CLK_UNHALTED.DISTRIBUTED , eventId : 3
531 [139936023922432] INFO perfrun.perfcollector <> - DRY_RUN : "FP_ARITH_INST_RETIRED.SCALAR_SINGLE: event id 4"
531 [139936023922432] INFO perfrun.perfcollector <> - eventName : FP_ARITH_INST_RETIRED.SCALAR_SINGLE , eventId : 4
531 [139936023922432] INFO perfrun.perfcollector <> - DRY_RUN : "FP_ARITH_INST_RETIRED.128B_PACKED_SINGLE: event id 5"
531 [139936023922432] INFO perfrun.perfcollector <> - eventName : FP_ARITH_INST_RETIRED.128B_PACKED_SINGLE , eventId : 5
531 [139936023922432] INFO perfrun.perfcollector <> - DRY_RUN : "FP_ARITH_INST_RETIRED.256B_PACKED_SINGLE: event id 6"
531 [139936023922432] INFO perfrun.perfcollector <> - eventName : FP_ARITH_INST_RETIRED.256B_PACKED_SINGLE , eventId : 6
531 [139936023922432] INFO perfrun.perfcollector <> - DRY_RUN : "FP_ARITH_INST_RETIRED.SCALAR_DOUBLE: event id 7"
531 [139936023922432] INFO perfrun.perfcollector <> - eventName : FP_ARITH_INST_RETIRED.SCALAR_DOUBLE , eventId : 7
531 [139936023922432] INFO perfrun.perfcollector <> - DRY_RUN : "FP_ARITH_INST_RETIRED.128B_PACKED_DOUBLE: event id 8"
531 [139936023922432] INFO perfrun.perfcollector <> - eventName : FP_ARITH_INST_RETIRED.128B_PACKED_DOUBLE , eventId : 8
531 [139936023922432] INFO perfrun.perfcollector <> - DRY_RUN : "FP_ARITH_INST_RETIRED.256B_PACKED_DOUBLE: event id 9"
531 [139936023922432] INFO perfrun.perfcollector <> - eventName : FP_ARITH_INST_RETIRED.256B_PACKED_DOUBLE , eventId : 9
531 [139936023922432] INFO perfrun.perfcollector <> - DRY_RUN : "UOPS_EXECUTED.X87: event id 10"
531 [139936023922432] INFO perfrun.perfcollector <> - eventName : UOPS_EXECUTED.X87 , eventId : 10
531 [139936023922432] INFO perfrun.perfcollector <> - DRY_RUN : "CCCR"
531 [139936023922432] INFO perfrun.perfcollector <> - DRY_RUN : "reg_type       = 1	event_id       = g	reg_id         = 38f	reg_value      = f000000ff"
531 [139936023922432] INFO perfrun.perfcollector <> - eventId : g, skip parsing event_id
531 [139936023922432] WARN perfrun.perfcollector <> - Register was ignored: group_id : 0reg_type : 1, event_id : 4294967295, reg_id : 38f, reg_value :f000000ff, pmu_name : cpu, at file: vcs/perfrun1/plugins/perfcollector/src/event_manager.cpp:797
531 [139936023922432] INFO perfrun.perfcollector <> - DRY_RUN : "reg_type       = 1	event_id       = g	reg_id         = 390	reg_value      = f000000ff"
531 [139936023922432] INFO perfrun.perfcollector <> - eventId : g, skip parsing event_id
531 [139936023922432] WARN perfrun.perfcollector <> - Register was ignored: group_id : 0reg_type : 1, event_id : 4294967295, reg_id : 390, reg_value :f000000ff, pmu_name : cpu, at file: vcs/perfrun1/plugins/perfcollector/src/event_manager.cpp:797
531 [139936023922432] INFO perfrun.perfcollector <> - DRY_RUN : "reg_type       = 1	event_id       = g	reg_id         = 3f1	reg_value      = f000000ff"
531 [139936023922432] INFO perfrun.perfcollector <> - eventId : g, skip parsing event_id
531 [139936023922432] INFO perfrun.perfcollector <> - DRY_RUN : "reg_type       = 1	event_id       = g	reg_id         = 1d9	reg_value      = 1800"
531 [139936023922432] INFO perfrun.perfcollector <> - eventId : g, skip parsing event_id
531 [139936023922432] WARN perfrun.perfcollector <> - Register was ignored: group_id : 0reg_type : 1, event_id : 4294967295, reg_id : 1d9, reg_value :1800, pmu_name : cpu, at file: vcs/perfrun1/plugins/perfcollector/src/event_manager.cpp:797
531 [139936023922432] INFO perfrun.perfcollector <> - DRY_RUN : "reg_type       = 1	event_id       = g	reg_id         = 38d	reg_value      = 3333"
531 [139936023922432] INFO perfrun.perfcollector <> - eventId : g, skip parsing event_id
531 [139936023922432] WARN perfrun.perfcollector <> - Register was ignored: group_id : 0reg_type : 1, event_id : 4294967295, reg_id : 38d, reg_value :3333, pmu_name : cpu, at file: vcs/perfrun1/plugins/perfcollector/src/event_manager.cpp:797
531 [139936023922432] INFO perfrun.perfcollector <> - DRY_RUN : "reg_type       = 1	event_id       = g	reg_id         = 3f2	reg_value      = 0"
531 [139936023922432] INFO perfrun.perfcollector <> - eventId : g, skip parsing event_id
531 [139936023922432] INFO perfrun.perfcollector <> - DRY_RUN : "reg_type       = 1	event_id       = 3	reg_id         = 186	reg_value      = 4302ec"
531 [139936023922432] INFO perfrun.perfcollector <> - DRY_RUN : "reg_type       = 1	event_id       = 4	reg_id         = 187	reg_value      = 4302c7"
531 [139936023922432] INFO perfrun.perfcollector <> - DRY_RUN : "reg_type       = 1	event_id       = 5	reg_id         = 188	reg_value      = 4308c7"
531 [139936023922432] INFO perfrun.perfcollector <> - DRY_RUN : "reg_type       = 1	event_id       = 6	reg_id         = 189	reg_value      = 4320c7"
531 [139936023922432] INFO perfrun.perfcollector <> - DRY_RUN : "reg_type       = 1	event_id       = 7	reg_id         = 18a	reg_value      = 4301c7"
531 [139936023922432] INFO perfrun.perfcollector <> - DRY_RUN : "reg_type       = 1	event_id       = 8	reg_id         = 18b	reg_value      = 4304c7"
531 [139936023922432] INFO perfrun.perfcollector <> - DRY_RUN : "reg_type       = 1	event_id       = 9	reg_id         = 18c	reg_value      = 4310c7"
531 [139936023922432] INFO perfrun.perfcollector <> - DRY_RUN : "reg_type       = 1	event_id       = 10	reg_id         = 18d	reg_value      = 4310b1"
531 [139936023922432] INFO perfrun.perfcollector <> - DRY_RUN : "ESCR"
531 [139936023922432] INFO perfrun.perfcollector <> - DRY_RUN : "reg_type       = 2	event_id       = g	reg_id         = 1c8	reg_value      = 0"
531 [139936023922432] INFO perfrun.perfcollector <> - eventId : g, skip parsing event_id
531 [139936023922432] INFO perfrun.perfcollector <> - DRY_RUN : "DATA"
531 [139936023922432] INFO perfrun.perfcollector <> - DRY_RUN : "reg_type       = 4	event_id       = 2	reg_id         = 309	reg_value      = ffffffd0b2a0"
531 [139936023922432] INFO perfrun.perfcollector <> - eventId : 2 , dataAddr : 309 , dataVal : ffffffd0b2a0
531 [139936023922432] INFO perfrun.perfcollector <> - DRY_RUN : "reg_type       = 4	event_id       = 0	reg_id         = 30a	reg_value      = ffffffe17b7d"
531 [139936023922432] INFO perfrun.perfcollector <> - eventId : 0 , dataAddr : 30a , dataVal : ffffffe17b7d
531 [139936023922432] INFO perfrun.perfcollector <> - DRY_RUN : "reg_type       = 4	event_id       = 1	reg_id         = 30b	reg_value      = ffffffd0b2a0"
531 [139936023922432] INFO perfrun.perfcollector <> - eventId : 1 , dataAddr : 30b , dataVal : ffffffd0b2a0
531 [139936023922432] INFO perfrun.perfcollector <> - DRY_RUN : "reg_type       = 4	event_id       = 15	reg_id         = 30c	reg_value      = ffffffe17b7d"
531 [139936023922432] INFO perfrun.perfcollector <> - eventId : 15 , dataAddr : 30c , dataVal : ffffffe17b7d
531 [139936023922432] INFO perfrun.perfcollector <> - DRY_RUN : "reg_type       = 4	event_id       = 3	reg_id         = c1	reg_value      = ffffffe17b7d"
531 [139936023922432] INFO perfrun.perfcollector <> - eventId : 3 , dataAddr : c1 , dataVal : ffffffe17b7d
531 [139936023922432] INFO perfrun.perfcollector <> - DRY_RUN : "reg_type       = 4	event_id       = 4	reg_id         = c2	reg_value      = fffffffe795d"
531 [139936023922432] INFO perfrun.perfcollector <> - eventId : 4 , dataAddr : c2 , dataVal : fffffffe795d
531 [139936023922432] INFO perfrun.perfcollector <> - DRY_RUN : "reg_type       = 4	event_id       = 5	reg_id         = c3	reg_value      = fffffffe795d"
531 [139936023922432] INFO perfrun.perfcollector <> - eventId : 5 , dataAddr : c3 , dataVal : fffffffe795d
531 [139936023922432] INFO perfrun.perfcollector <> - DRY_RUN : "reg_type       = 4	event_id       = 6	reg_id         = c4	reg_value      = fffffffe795d"
531 [139936023922432] INFO perfrun.perfcollector <> - eventId : 6 , dataAddr : c4 , dataVal : fffffffe795d
531 [139936023922432] INFO perfrun.perfcollector <> - DRY_RUN : "reg_type       = 4	event_id       = 7	reg_id         = c5	reg_value      = fffffffe795d"
531 [139936023922432] INFO perfrun.perfcollector <> - eventId : 7 , dataAddr : c5 , dataVal : fffffffe795d
531 [139936023922432] INFO perfrun.perfcollector <> - DRY_RUN : "reg_type       = 4	event_id       = 8	reg_id         = c6	reg_value      = fffffffe795d"
531 [139936023922432] INFO perfrun.perfcollector <> - eventId : 8 , dataAddr : c6 , dataVal : fffffffe795d
532 [139936023922432] INFO perfrun.perfcollector <> - DRY_RUN : "reg_type       = 4	event_id       = 9	reg_id         = c7	reg_value      = fffffffe795d"
532 [139936023922432] INFO perfrun.perfcollector <> - eventId : 9 , dataAddr : c7 , dataVal : fffffffe795d
532 [139936023922432] INFO perfrun.perfcollector <> - DRY_RUN : "reg_type       = 4	event_id       = 10	reg_id         = c8	reg_value      = ffffffe17b7d"
532 [139936023922432] INFO perfrun.perfcollector <> - eventId : 10 , dataAddr : c8 , dataVal : ffffffe17b7d
532 [139936023922432] INFO perfrun.perfcollector <> - DRY_RUN : "Group 1:"
532 [139936023922432] INFO perfrun.perfcollector <> - id : 1
532 [139936023922432] INFO perfrun.perfcollector <> - DRY_RUN : "INST_RETIRED.ANY: event id 2"
532 [139936023922432] INFO perfrun.perfcollector <> - eventName : INST_RETIRED.ANY , eventId : 2
532 [139936023922432] INFO perfrun.perfcollector <> - DRY_RUN : "CPU_CLK_UNHALTED.THREAD: event id 0"
532 [139936023922432] INFO perfrun.perfcollector <> - eventName : CPU_CLK_UNHALTED.THREAD , eventId : 0
532 [139936023922432] INFO perfrun.perfcollector <> - DRY_RUN : "CPU_CLK_UNHALTED.REF_TSC: event id 1"
532 [139936023922432] INFO perfrun.perfcollector <> - eventName : CPU_CLK_UNHALTED.REF_TSC , eventId : 1
532 [139936023922432] INFO perfrun.perfcollector <> - DRY_RUN : "TOPDOWN.SLOTS: event id 15"
532 [139936023922432] INFO perfrun.perfcollector <> - eventName : TOPDOWN.SLOTS , eventId : 15
532 [139936023922432] INFO perfrun.perfcollector <> - DRY_RUN : "UOPS_RETIRED.SLOTS: event id 11"
532 [139936023922432] INFO perfrun.perfcollector <> - eventName : UOPS_RETIRED.SLOTS , eventId : 11
532 [139936023922432] INFO perfrun.perfcollector <> - DRY_RUN : "UOPS_EXECUTED.THREAD: event id 12"
532 [139936023922432] INFO perfrun.perfcollector <> - eventName : UOPS_EXECUTED.THREAD , eventId : 12
532 [139936023922432] INFO perfrun.perfcollector <> - DRY_RUN : "FP_ARITH_INST_RETIRED.512B_PACKED_DOUBLE: event id 13"
532 [139936023922432] INFO perfrun.perfcollector <> - eventName : FP_ARITH_INST_RETIRED.512B_PACKED_DOUBLE , eventId : 13
532 [139936023922432] INFO perfrun.perfcollector <> - DRY_RUN : "FP_ARITH_INST_RETIRED.512B_PACKED_SINGLE: event id 14"
532 [139936023922432] INFO perfrun.perfcollector <> - eventName : FP_ARITH_INST_RETIRED.512B_PACKED_SINGLE , eventId : 14
532 [139936023922432] INFO perfrun.perfcollector <> - DRY_RUN : "CCCR"
532 [139936023922432] INFO perfrun.perfcollector <> - DRY_RUN : "reg_type       = 1	event_id       = g	reg_id         = 38f	reg_value      = f0000000f"
532 [139936023922432] INFO perfrun.perfcollector <> - eventId : g, skip parsing event_id
532 [139936023922432] WARN perfrun.perfcollector <> - Register was ignored: group_id : 1reg_type : 1, event_id : 4294967295, reg_id : 38f, reg_value :f0000000f, pmu_name : cpu, at file: vcs/perfrun1/plugins/perfcollector/src/event_manager.cpp:797
532 [139936023922432] INFO perfrun.perfcollector <> - DRY_RUN : "reg_type       = 1	event_id       = g	reg_id         = 390	reg_value      = f0000000f"
532 [139936023922432] INFO perfrun.perfcollector <> - eventId : g, skip parsing event_id
532 [139936023922432] WARN perfrun.perfcollector <> - Register was ignored: group_id : 1reg_type : 1, event_id : 4294967295, reg_id : 390, reg_value :f0000000f, pmu_name : cpu, at file: vcs/perfrun1/plugins/perfcollector/src/event_manager.cpp:797
532 [139936023922432] INFO perfrun.perfcollector <> - DRY_RUN : "reg_type       = 1	event_id       = g	reg_id         = 3f1	reg_value      = f0000000f"
532 [139936023922432] INFO perfrun.perfcollector <> - eventId : g, skip parsing event_id
532 [139936023922432] INFO perfrun.perfcollector <> - DRY_RUN : "reg_type       = 1	event_id       = g	reg_id         = 1d9	reg_value      = 1800"
532 [139936023922432] INFO perfrun.perfcollector <> - eventId : g, skip parsing event_id
532 [139936023922432] WARN perfrun.perfcollector <> - Register was ignored: group_id : 1reg_type : 1, event_id : 4294967295, reg_id : 1d9, reg_value :1800, pmu_name : cpu, at file: vcs/perfrun1/plugins/perfcollector/src/event_manager.cpp:797
532 [139936023922432] INFO perfrun.perfcollector <> - DRY_RUN : "reg_type       = 1	event_id       = g	reg_id         = 38d	reg_value      = 3333"
532 [139936023922432] INFO perfrun.perfcollector <> - eventId : g, skip parsing event_id
532 [139936023922432] WARN perfrun.perfcollector <> - Register was ignored: group_id : 1reg_type : 1, event_id : 4294967295, reg_id : 38d, reg_value :3333, pmu_name : cpu, at file: vcs/perfrun1/plugins/perfcollector/src/event_manager.cpp:797
532 [139936023922432] INFO perfrun.perfcollector <> - DRY_RUN : "reg_type       = 1	event_id       = g	reg_id         = 3f2	reg_value      = 0"
532 [139936023922432] INFO perfrun.perfcollector <> - eventId : g, skip parsing event_id
532 [139936023922432] INFO perfrun.perfcollector <> - DRY_RUN : "reg_type       = 1	event_id       = 11	reg_id         = 186	reg_value      = 4302c2"
532 [139936023922432] INFO perfrun.perfcollector <> - DRY_RUN : "reg_type       = 1	event_id       = 12	reg_id         = 187	reg_value      = 4301b1"
532 [139936023922432] INFO perfrun.perfcollector <> - DRY_RUN : "reg_type       = 1	event_id       = 13	reg_id         = 188	reg_value      = 4340c7"
532 [139936023922432] INFO perfrun.perfcollector <> - DRY_RUN : "reg_type       = 1	event_id       = 14	reg_id         = 189	reg_value      = 4380c7"
532 [139936023922432] INFO perfrun.perfcollector <> - DRY_RUN : "ESCR"
532 [139936023922432] INFO perfrun.perfcollector <> - DRY_RUN : "reg_type       = 2	event_id       = g	reg_id         = 1c8	reg_value      = 0"
532 [139936023922432] INFO perfrun.perfcollector <> - eventId : g, skip parsing event_id
532 [139936023922432] INFO perfrun.perfcollector <> - DRY_RUN : "DATA"
532 [139936023922432] INFO perfrun.perfcollector <> - DRY_RUN : "reg_type       = 4	event_id       = 2	reg_id         = 309	reg_value      = ffffffd0b2a0"
532 [139936023922432] INFO perfrun.perfcollector <> - eventId : 2 , dataAddr : 309 , dataVal : ffffffd0b2a0
532 [139936023922432] INFO perfrun.perfcollector <> - DRY_RUN : "reg_type       = 4	event_id       = 0	reg_id         = 30a	reg_value      = ffffffe17b7d"
532 [139936023922432] INFO perfrun.perfcollector <> - eventId : 0 , dataAddr : 30a , dataVal : ffffffe17b7d
532 [139936023922432] INFO perfrun.perfcollector <> - DRY_RUN : "reg_type       = 4	event_id       = 1	reg_id         = 30b	reg_value      = ffffffd0b2a0"
532 [139936023922432] INFO perfrun.perfcollector <> - eventId : 1 , dataAddr : 30b , dataVal : ffffffd0b2a0
532 [139936023922432] INFO perfrun.perfcollector <> - DRY_RUN : "reg_type       = 4	event_id       = 15	reg_id         = 30c	reg_value      = ffffffe17b7d"
532 [139936023922432] INFO perfrun.perfcollector <> - eventId : 15 , dataAddr : 30c , dataVal : ffffffe17b7d
532 [139936023922432] INFO perfrun.perfcollector <> - DRY_RUN : "reg_type       = 4	event_id       = 11	reg_id         = c1	reg_value      = ffffffe17b7d"
532 [139936023922432] INFO perfrun.perfcollector <> - eventId : 11 , dataAddr : c1 , dataVal : ffffffe17b7d
532 [139936023922432] INFO perfrun.perfcollector <> - DRY_RUN : "reg_type       = 4	event_id       = 12	reg_id         = c2	reg_value      = ffffffe17b7d"
532 [139936023922432] INFO perfrun.perfcollector <> - eventId : 12 , dataAddr : c2 , dataVal : ffffffe17b7d
532 [139936023922432] INFO perfrun.perfcollector <> - DRY_RUN : "reg_type       = 4	event_id       = 13	reg_id         = c3	reg_value      = fffffffe795d"
532 [139936023922432] INFO perfrun.perfcollector <> - eventId : 13 , dataAddr : c3 , dataVal : fffffffe795d
532 [139936023922432] INFO perfrun.perfcollector <> - DRY_RUN : "reg_type       = 4	event_id       = 14	reg_id         = c4	reg_value      = fffffffe795d"
532 [139936023922432] INFO perfrun.perfcollector <> - eventId : 14 , dataAddr : c4 , dataVal : fffffffe795d
532 [139936023922432] INFO perfrun.perfcollector <> - pmu config : cpu , m_cccrAddr : ffffffff , m_cccrVal : 0 , m_escrAddr : ffffffff , m_escrVal : 0 , m_dataAddr : 30a , m_dataVal : ffffffffffe17b7d , m_extPebsVal : f0000000f , m_adtPebsAvail : 1
532 [139936023922432] INFO perfrun.perfcollector <> - config : event : 3c
532 [139936023922432] INFO perfrun.perfcollector <> - config : pc : 0
532 [139936023922432] INFO perfrun.perfcollector <> - config : edge : 0
532 [139936023922432] INFO perfrun.perfcollector <> - config1 : offcore_rsp : 0
532 [139936023922432] INFO perfrun.perfcollector <> - config1 : ldlat : 0
532 [139936023922432] INFO perfrun.perfcollector <> - config : inv : 0
532 [139936023922432] INFO perfrun.perfcollector <> - config : umask : 0
532 [139936023922432] INFO perfrun.perfcollector <> - config1 : frontend : 0
532 [139936023922432] INFO perfrun.perfcollector <> - config : cmask : 0
532 [139936023922432] INFO perfrun.perfcollector <> - precise event : Extended PEBS is enabled for 1th fixed counter
532 [139936023922432] INFO perfrun.perfcollector <> - format : cpu/event=0x3c,name='CPU_CLK_UNHALTED.THREAD'/D
532 [139936023922432] INFO perfrun.perfcollector <> - pmu config : cpu , m_cccrAddr : ffffffff , m_cccrVal : 0 , m_escrAddr : ffffffff , m_escrVal : 0 , m_dataAddr : 30b , m_dataVal : ffffffffffd0b2a0 , m_extPebsVal : f0000000f , m_adtPebsAvail : 1
532 [139936023922432] INFO perfrun.perfcollector <> - config : event : 0
532 [139936023922432] INFO perfrun.perfcollector <> - config : pc : 0
532 [139936023922432] INFO perfrun.perfcollector <> - config : edge : 0
532 [139936023922432] INFO perfrun.perfcollector <> - config1 : offcore_rsp : 0
532 [139936023922432] INFO perfrun.perfcollector <> - config1 : ldlat : 0
532 [139936023922432] INFO perfrun.perfcollector <> - config : inv : 0
532 [139936023922432] INFO perfrun.perfcollector <> - config : umask : 3
532 [139936023922432] INFO perfrun.perfcollector <> - config1 : frontend : 0
532 [139936023922432] INFO perfrun.perfcollector <> - config : cmask : 0
532 [139936023922432] INFO perfrun.perfcollector <> - precise event : Extended PEBS is enabled for 2th fixed counter
532 [139936023922432] INFO perfrun.perfcollector <> - format : cpu/umask=0x3,name='CPU_CLK_UNHALTED.REF_TSC'/D
532 [139936023922432] INFO perfrun.perfcollector <> - pmu config : cpu , m_cccrAddr : ffffffff , m_cccrVal : 0 , m_escrAddr : ffffffff , m_escrVal : 0 , m_dataAddr : 309 , m_dataVal : ffffffffffd0b2a0 , m_extPebsVal : f0000000f , m_adtPebsAvail : 1
532 [139936023922432] INFO perfrun.perfcollector <> - config : event : c0
532 [139936023922432] INFO perfrun.perfcollector <> - config : pc : 0
532 [139936023922432] INFO perfrun.perfcollector <> - config : edge : 0
532 [139936023922432] INFO perfrun.perfcollector <> - config1 : offcore_rsp : 0
532 [139936023922432] INFO perfrun.perfcollector <> - config1 : ldlat : 0
532 [139936023922432] INFO perfrun.perfcollector <> - config : inv : 0
532 [139936023922432] INFO perfrun.perfcollector <> - config : umask : 0
533 [139936023922432] INFO perfrun.perfcollector <> - config1 : frontend : 0
533 [139936023922432] INFO perfrun.perfcollector <> - config : cmask : 0
533 [139936023922432] INFO perfrun.perfcollector <> - precise event : Extended PEBS is enabled for 0th fixed counter
533 [139936023922432] INFO perfrun.perfcollector <> - format : cpu/event=0xc0,name='INST_RETIRED.ANY'/D
533 [139936023922432] INFO perfrun.perfcollector <> - pmu config : cpu , m_cccrAddr : 186 , m_cccrVal : 4302ec , m_escrAddr : ffffffff , m_escrVal : 0 , m_dataAddr : c1 , m_dataVal : ffffffffffe17b7d , m_extPebsVal : f000000ff , m_adtPebsAvail : 1
533 [139936023922432] INFO perfrun.perfcollector <> - config : event : ec
533 [139936023922432] INFO perfrun.perfcollector <> - config : pc : 0
533 [139936023922432] INFO perfrun.perfcollector <> - config : edge : 0
533 [139936023922432] INFO perfrun.perfcollector <> - config1 : offcore_rsp : 0
533 [139936023922432] INFO perfrun.perfcollector <> - config1 : ldlat : 0
533 [139936023922432] INFO perfrun.perfcollector <> - config : inv : 0
533 [139936023922432] INFO perfrun.perfcollector <> - config : umask : 2
533 [139936023922432] INFO perfrun.perfcollector <> - config1 : frontend : 0
533 [139936023922432] INFO perfrun.perfcollector <> - config : cmask : 0
533 [139936023922432] WARN perfrun.perfcollector <> - precise event : config : 2ec , [m_cccrVal & impreciseMask(0x100000)] : 0, at file: vcs/perfrun1/plugins/perfcollector/src/event_manager.cpp:297
533 [139936023922432] INFO perfrun.perfcollector <> - format : cpu/event=0xec,umask=0x2,name='CPU_CLK_UNHALTED.DISTRIBUTED'/
533 [139936023922432] INFO perfrun.perfcollector <> - pmu config : cpu , m_cccrAddr : 187 , m_cccrVal : 4302c7 , m_escrAddr : ffffffff , m_escrVal : 0 , m_dataAddr : c2 , m_dataVal : fffffffffffe795d , m_extPebsVal : f000000ff , m_adtPebsAvail : 1
533 [139936023922432] INFO perfrun.perfcollector <> - config : event : c7
533 [139936023922432] INFO perfrun.perfcollector <> - config : pc : 0
533 [139936023922432] INFO perfrun.perfcollector <> - config : edge : 0
533 [139936023922432] INFO perfrun.perfcollector <> - config1 : offcore_rsp : 0
533 [139936023922432] INFO perfrun.perfcollector <> - config1 : ldlat : 0
533 [139936023922432] INFO perfrun.perfcollector <> - config : inv : 0
533 [139936023922432] INFO perfrun.perfcollector <> - config : umask : 2
533 [139936023922432] INFO perfrun.perfcollector <> - config1 : frontend : 0
533 [139936023922432] INFO perfrun.perfcollector <> - config : cmask : 0
533 [139936023922432] WARN perfrun.perfcollector <> - precise event : config : 2c7 , [m_cccrVal & impreciseMask(0x100000)] : 0, at file: vcs/perfrun1/plugins/perfcollector/src/event_manager.cpp:297
533 [139936023922432] INFO perfrun.perfcollector <> - format : cpu/event=0xc7,umask=0x2,name='FP_ARITH_INST_RETIRED.SCALAR_SINGLE'/
533 [139936023922432] INFO perfrun.perfcollector <> - pmu config : cpu , m_cccrAddr : 188 , m_cccrVal : 4308c7 , m_escrAddr : ffffffff , m_escrVal : 0 , m_dataAddr : c3 , m_dataVal : fffffffffffe795d , m_extPebsVal : f000000ff , m_adtPebsAvail : 1
533 [139936023922432] INFO perfrun.perfcollector <> - config : event : c7
533 [139936023922432] INFO perfrun.perfcollector <> - config : pc : 0
533 [139936023922432] INFO perfrun.perfcollector <> - config : edge : 0
533 [139936023922432] INFO perfrun.perfcollector <> - config1 : offcore_rsp : 0
533 [139936023922432] INFO perfrun.perfcollector <> - config1 : ldlat : 0
533 [139936023922432] INFO perfrun.perfcollector <> - config : inv : 0
533 [139936023922432] INFO perfrun.perfcollector <> - config : umask : 8
533 [139936023922432] INFO perfrun.perfcollector <> - config1 : frontend : 0
533 [139936023922432] INFO perfrun.perfcollector <> - config : cmask : 0
533 [139936023922432] WARN perfrun.perfcollector <> - precise event : config : 8c7 , [m_cccrVal & impreciseMask(0x100000)] : 0, at file: vcs/perfrun1/plugins/perfcollector/src/event_manager.cpp:297
533 [139936023922432] INFO perfrun.perfcollector <> - format : cpu/event=0xc7,umask=0x8,name='FP_ARITH_INST_RETIRED.128B_PACKED_SINGLE'/
533 [139936023922432] INFO perfrun.perfcollector <> - pmu config : cpu , m_cccrAddr : 189 , m_cccrVal : 4320c7 , m_escrAddr : ffffffff , m_escrVal : 0 , m_dataAddr : c4 , m_dataVal : fffffffffffe795d , m_extPebsVal : f000000ff , m_adtPebsAvail : 1
533 [139936023922432] INFO perfrun.perfcollector <> - config : event : c7
533 [139936023922432] INFO perfrun.perfcollector <> - config : pc : 0
533 [139936023922432] INFO perfrun.perfcollector <> - config : edge : 0
533 [139936023922432] INFO perfrun.perfcollector <> - config1 : offcore_rsp : 0
533 [139936023922432] INFO perfrun.perfcollector <> - config1 : ldlat : 0
533 [139936023922432] INFO perfrun.perfcollector <> - config : inv : 0
533 [139936023922432] INFO perfrun.perfcollector <> - config : umask : 20
533 [139936023922432] INFO perfrun.perfcollector <> - config1 : frontend : 0
533 [139936023922432] INFO perfrun.perfcollector <> - config : cmask : 0
533 [139936023922432] WARN perfrun.perfcollector <> - precise event : config : 20c7 , [m_cccrVal & impreciseMask(0x100000)] : 0, at file: vcs/perfrun1/plugins/perfcollector/src/event_manager.cpp:297
533 [139936023922432] INFO perfrun.perfcollector <> - format : cpu/event=0xc7,umask=0x20,name='FP_ARITH_INST_RETIRED.256B_PACKED_SINGLE'/
533 [139936023922432] INFO perfrun.perfcollector <> - pmu config : cpu , m_cccrAddr : 18a , m_cccrVal : 4301c7 , m_escrAddr : ffffffff , m_escrVal : 0 , m_dataAddr : c5 , m_dataVal : fffffffffffe795d , m_extPebsVal : f000000ff , m_adtPebsAvail : 1
533 [139936023922432] INFO perfrun.perfcollector <> - config : event : c7
533 [139936023922432] INFO perfrun.perfcollector <> - config : pc : 0
533 [139936023922432] INFO perfrun.perfcollector <> - config : edge : 0
533 [139936023922432] INFO perfrun.perfcollector <> - config1 : offcore_rsp : 0
533 [139936023922432] INFO perfrun.perfcollector <> - config1 : ldlat : 0
533 [139936023922432] INFO perfrun.perfcollector <> - config : inv : 0
533 [139936023922432] INFO perfrun.perfcollector <> - config : umask : 1
533 [139936023922432] INFO perfrun.perfcollector <> - config1 : frontend : 0
533 [139936023922432] INFO perfrun.perfcollector <> - config : cmask : 0
533 [139936023922432] WARN perfrun.perfcollector <> - precise event : config : 1c7 , [m_cccrVal & impreciseMask(0x100000)] : 0, at file: vcs/perfrun1/plugins/perfcollector/src/event_manager.cpp:297
533 [139936023922432] INFO perfrun.perfcollector <> - format : cpu/event=0xc7,umask=0x1,name='FP_ARITH_INST_RETIRED.SCALAR_DOUBLE'/
533 [139936023922432] INFO perfrun.perfcollector <> - pmu config : cpu , m_cccrAddr : 18b , m_cccrVal : 4304c7 , m_escrAddr : ffffffff , m_escrVal : 0 , m_dataAddr : c6 , m_dataVal : fffffffffffe795d , m_extPebsVal : f000000ff , m_adtPebsAvail : 1
533 [139936023922432] INFO perfrun.perfcollector <> - config : event : c7
533 [139936023922432] INFO perfrun.perfcollector <> - config : pc : 0
533 [139936023922432] INFO perfrun.perfcollector <> - config : edge : 0
533 [139936023922432] INFO perfrun.perfcollector <> - config1 : offcore_rsp : 0
533 [139936023922432] INFO perfrun.perfcollector <> - config1 : ldlat : 0
533 [139936023922432] INFO perfrun.perfcollector <> - config : inv : 0
533 [139936023922432] INFO perfrun.perfcollector <> - config : umask : 4
533 [139936023922432] INFO perfrun.perfcollector <> - config1 : frontend : 0
533 [139936023922432] INFO perfrun.perfcollector <> - config : cmask : 0
533 [139936023922432] WARN perfrun.perfcollector <> - precise event : config : 4c7 , [m_cccrVal & impreciseMask(0x100000)] : 0, at file: vcs/perfrun1/plugins/perfcollector/src/event_manager.cpp:297
533 [139936023922432] INFO perfrun.perfcollector <> - format : cpu/event=0xc7,umask=0x4,name='FP_ARITH_INST_RETIRED.128B_PACKED_DOUBLE'/
533 [139936023922432] INFO perfrun.perfcollector <> - pmu config : cpu , m_cccrAddr : 18c , m_cccrVal : 4310c7 , m_escrAddr : ffffffff , m_escrVal : 0 , m_dataAddr : c7 , m_dataVal : fffffffffffe795d , m_extPebsVal : f000000ff , m_adtPebsAvail : 1
533 [139936023922432] INFO perfrun.perfcollector <> - config : event : c7
533 [139936023922432] INFO perfrun.perfcollector <> - config : pc : 0
533 [139936023922432] INFO perfrun.perfcollector <> - config : edge : 0
533 [139936023922432] INFO perfrun.perfcollector <> - config1 : offcore_rsp : 0
533 [139936023922432] INFO perfrun.perfcollector <> - config1 : ldlat : 0
533 [139936023922432] INFO perfrun.perfcollector <> - config : inv : 0
533 [139936023922432] INFO perfrun.perfcollector <> - config : umask : 10
533 [139936023922432] INFO perfrun.perfcollector <> - config1 : frontend : 0
533 [139936023922432] INFO perfrun.perfcollector <> - config : cmask : 0
533 [139936023922432] WARN perfrun.perfcollector <> - precise event : config : 10c7 , [m_cccrVal & impreciseMask(0x100000)] : 0, at file: vcs/perfrun1/plugins/perfcollector/src/event_manager.cpp:297
533 [139936023922432] INFO perfrun.perfcollector <> - format : cpu/event=0xc7,umask=0x10,name='FP_ARITH_INST_RETIRED.256B_PACKED_DOUBLE'/
533 [139936023922432] INFO perfrun.perfcollector <> - pmu config : cpu , m_cccrAddr : 18d , m_cccrVal : 4310b1 , m_escrAddr : ffffffff , m_escrVal : 0 , m_dataAddr : c8 , m_dataVal : ffffffffffe17b7d , m_extPebsVal : f000000ff , m_adtPebsAvail : 1
533 [139936023922432] INFO perfrun.perfcollector <> - config : event : b1
533 [139936023922432] INFO perfrun.perfcollector <> - config : pc : 0
533 [139936023922432] INFO perfrun.perfcollector <> - config : edge : 0
533 [139936023922432] INFO perfrun.perfcollector <> - config1 : offcore_rsp : 0
533 [139936023922432] INFO perfrun.perfcollector <> - config1 : ldlat : 0
533 [139936023922432] INFO perfrun.perfcollector <> - config : inv : 0
533 [139936023922432] INFO perfrun.perfcollector <> - config : umask : 10
533 [139936023922432] INFO perfrun.perfcollector <> - config1 : frontend : 0
533 [139936023922432] INFO perfrun.perfcollector <> - config : cmask : 0
533 [139936023922432] WARN perfrun.perfcollector <> - precise event : config : 10b1 , [m_cccrVal & impreciseMask(0x100000)] : 0, at file: vcs/perfrun1/plugins/perfcollector/src/event_manager.cpp:297
533 [139936023922432] INFO perfrun.perfcollector <> - format : cpu/event=0xb1,umask=0x10,name='UOPS_EXECUTED.X87'/
533 [139936023922432] INFO perfrun.perfcollector <> - pmu config : cpu , m_cccrAddr : 186 , m_cccrVal : 4302c2 , m_escrAddr : ffffffff , m_escrVal : 0 , m_dataAddr : c1 , m_dataVal : ffffffffffe17b7d , m_extPebsVal : f0000000f , m_adtPebsAvail : 1
533 [139936023922432] INFO perfrun.perfcollector <> - config : event : c2
533 [139936023922432] INFO perfrun.perfcollector <> - config : pc : 0
533 [139936023922432] INFO perfrun.perfcollector <> - config : edge : 0
533 [139936023922432] INFO perfrun.perfcollector <> - config1 : offcore_rsp : 0
533 [139936023922432] INFO perfrun.perfcollector <> - config1 : ldlat : 0
533 [139936023922432] INFO perfrun.perfcollector <> - config : inv : 0
533 [139936023922432] INFO perfrun.perfcollector <> - config : umask : 2
533 [139936023922432] INFO perfrun.perfcollector <> - config1 : frontend : 0
533 [139936023922432] INFO perfrun.perfcollector <> - config : cmask : 0
533 [139936023922432] WARN perfrun.perfcollector <> - precise event : config : 2c2 , [m_cccrVal & impreciseMask(0x100000)] : 0, at file: vcs/perfrun1/plugins/perfcollector/src/event_manager.cpp:297
533 [139936023922432] INFO perfrun.perfcollector <> - format : cpu/event=0xc2,umask=0x2,name='UOPS_RETIRED.SLOTS'/
533 [139936023922432] INFO perfrun.perfcollector <> - pmu config : cpu , m_cccrAddr : 187 , m_cccrVal : 4301b1 , m_escrAddr : ffffffff , m_escrVal : 0 , m_dataAddr : c2 , m_dataVal : ffffffffffe17b7d , m_extPebsVal : f0000000f , m_adtPebsAvail : 1
533 [139936023922432] INFO perfrun.perfcollector <> - config : event : b1
533 [139936023922432] INFO perfrun.perfcollector <> - config : pc : 0
533 [139936023922432] INFO perfrun.perfcollector <> - config : edge : 0
533 [139936023922432] INFO perfrun.perfcollector <> - config1 : offcore_rsp : 0
533 [139936023922432] INFO perfrun.perfcollector <> - config1 : ldlat : 0
533 [139936023922432] INFO perfrun.perfcollector <> - config : inv : 0
533 [139936023922432] INFO perfrun.perfcollector <> - config : umask : 1
533 [139936023922432] INFO perfrun.perfcollector <> - config1 : frontend : 0
533 [139936023922432] INFO perfrun.perfcollector <> - config : cmask : 0
533 [139936023922432] WARN perfrun.perfcollector <> - precise event : config : 1b1 , [m_cccrVal & impreciseMask(0x100000)] : 0, at file: vcs/perfrun1/plugins/perfcollector/src/event_manager.cpp:297
534 [139936023922432] INFO perfrun.perfcollector <> - format : cpu/event=0xb1,umask=0x1,name='UOPS_EXECUTED.THREAD'/
534 [139936023922432] INFO perfrun.perfcollector <> - pmu config : cpu , m_cccrAddr : 188 , m_cccrVal : 4340c7 , m_escrAddr : ffffffff , m_escrVal : 0 , m_dataAddr : c3 , m_dataVal : fffffffffffe795d , m_extPebsVal : f0000000f , m_adtPebsAvail : 1
534 [139936023922432] INFO perfrun.perfcollector <> - config : event : c7
534 [139936023922432] INFO perfrun.perfcollector <> - config : pc : 0
534 [139936023922432] INFO perfrun.perfcollector <> - config : edge : 0
534 [139936023922432] INFO perfrun.perfcollector <> - config1 : offcore_rsp : 0
534 [139936023922432] INFO perfrun.perfcollector <> - config1 : ldlat : 0
534 [139936023922432] INFO perfrun.perfcollector <> - config : inv : 0
534 [139936023922432] INFO perfrun.perfcollector <> - config : umask : 40
534 [139936023922432] INFO perfrun.perfcollector <> - config1 : frontend : 0
534 [139936023922432] INFO perfrun.perfcollector <> - config : cmask : 0
534 [139936023922432] WARN perfrun.perfcollector <> - precise event : config : 40c7 , [m_cccrVal & impreciseMask(0x100000)] : 0, at file: vcs/perfrun1/plugins/perfcollector/src/event_manager.cpp:297
534 [139936023922432] INFO perfrun.perfcollector <> - format : cpu/event=0xc7,umask=0x40,name='FP_ARITH_INST_RETIRED.512B_PACKED_DOUBLE'/
534 [139936023922432] INFO perfrun.perfcollector <> - pmu config : cpu , m_cccrAddr : 189 , m_cccrVal : 4380c7 , m_escrAddr : ffffffff , m_escrVal : 0 , m_dataAddr : c4 , m_dataVal : fffffffffffe795d , m_extPebsVal : f0000000f , m_adtPebsAvail : 1
534 [139936023922432] INFO perfrun.perfcollector <> - config : event : c7
534 [139936023922432] INFO perfrun.perfcollector <> - config : pc : 0
534 [139936023922432] INFO perfrun.perfcollector <> - config : edge : 0
534 [139936023922432] INFO perfrun.perfcollector <> - config1 : offcore_rsp : 0
534 [139936023922432] INFO perfrun.perfcollector <> - config1 : ldlat : 0
534 [139936023922432] INFO perfrun.perfcollector <> - config : inv : 0
534 [139936023922432] INFO perfrun.perfcollector <> - config : umask : 80
534 [139936023922432] INFO perfrun.perfcollector <> - config1 : frontend : 0
534 [139936023922432] INFO perfrun.perfcollector <> - config : cmask : 0
534 [139936023922432] WARN perfrun.perfcollector <> - precise event : config : 80c7 , [m_cccrVal & impreciseMask(0x100000)] : 0, at file: vcs/perfrun1/plugins/perfcollector/src/event_manager.cpp:297
534 [139936023922432] INFO perfrun.perfcollector <> - format : cpu/event=0xc7,umask=0x80,name='FP_ARITH_INST_RETIRED.512B_PACKED_SINGLE'/
534 [139936023922432] INFO perfrun.perfcollector <> - pmu config : cpu , m_cccrAddr : ffffffff , m_cccrVal : 0 , m_escrAddr : ffffffff , m_escrVal : 0 , m_dataAddr : 30c , m_dataVal : ffffffffffe17b7d , m_extPebsVal : f0000000f , m_adtPebsAvail : 1
534 [139936023922432] INFO perfrun.perfcollector <> - config : event : 0
534 [139936023922432] INFO perfrun.perfcollector <> - config : pc : 0
534 [139936023922432] INFO perfrun.perfcollector <> - config : edge : 0
534 [139936023922432] INFO perfrun.perfcollector <> - config1 : offcore_rsp : 0
534 [139936023922432] INFO perfrun.perfcollector <> - config1 : ldlat : 0
534 [139936023922432] INFO perfrun.perfcollector <> - config : inv : 0
534 [139936023922432] INFO perfrun.perfcollector <> - config : umask : 4
534 [139936023922432] INFO perfrun.perfcollector <> - config1 : frontend : 0
534 [139936023922432] INFO perfrun.perfcollector <> - config : cmask : 0
534 [139936023922432] INFO perfrun.perfcollector <> - precise event : Extended PEBS is enabled for 3th fixed counter
534 [139936023922432] INFO perfrun.perfcollector <> - format : cpu/umask=0x4,name='TOPDOWN.SLOTS'/D
534 [139936023922432] INFO perfrun.perfcollector <> - event: cpu/event=0x3c,name='CPU_CLK_UNHALTED.THREAD'/Du , added for counting
534 [139936023922432] INFO perfrun.perfcollector <> - event: cpu/umask=0x3,name='CPU_CLK_UNHALTED.REF_TSC'/Du , added for counting
534 [139936023922432] INFO perfrun.perfcollector <> - event: cpu/event=0xc0,name='INST_RETIRED.ANY'/Du , added for counting
534 [139936023922432] INFO perfrun.perfcollector <> - event: cpu/event=0xec,umask=0x2,name='CPU_CLK_UNHALTED.DISTRIBUTED'/u , added for counting
534 [139936023922432] INFO perfrun.perfcollector <> - event: cpu/event=0xc7,umask=0x2,name='FP_ARITH_INST_RETIRED.SCALAR_SINGLE'/u , added for counting
534 [139936023922432] INFO perfrun.perfcollector <> - event: cpu/event=0xc7,umask=0x8,name='FP_ARITH_INST_RETIRED.128B_PACKED_SINGLE'/u , added for counting
534 [139936023922432] INFO perfrun.perfcollector <> - event: cpu/event=0xc7,umask=0x20,name='FP_ARITH_INST_RETIRED.256B_PACKED_SINGLE'/u , added for counting
534 [139936023922432] INFO perfrun.perfcollector <> - event: cpu/event=0xc7,umask=0x1,name='FP_ARITH_INST_RETIRED.SCALAR_DOUBLE'/u , added for counting
534 [139936023922432] INFO perfrun.perfcollector <> - event: cpu/event=0xc7,umask=0x4,name='FP_ARITH_INST_RETIRED.128B_PACKED_DOUBLE'/u , added for counting
534 [139936023922432] INFO perfrun.perfcollector <> - event: cpu/event=0xc7,umask=0x10,name='FP_ARITH_INST_RETIRED.256B_PACKED_DOUBLE'/u , added for counting
534 [139936023922432] INFO perfrun.perfcollector <> - event: cpu/event=0xb1,umask=0x10,name='UOPS_EXECUTED.X87'/u , added for counting
534 [139936023922432] INFO perfrun.perfcollector <> - event: cpu/event=0xc2,umask=0x2,name='UOPS_RETIRED.SLOTS'/u , added for counting
534 [139936023922432] INFO perfrun.perfcollector <> - event: cpu/event=0xb1,umask=0x1,name='UOPS_EXECUTED.THREAD'/u , added for counting
534 [139936023922432] INFO perfrun.perfcollector <> - event: cpu/event=0xc7,umask=0x40,name='FP_ARITH_INST_RETIRED.512B_PACKED_DOUBLE'/u , added for counting
534 [139936023922432] INFO perfrun.perfcollector <> - event: cpu/event=0xc7,umask=0x80,name='FP_ARITH_INST_RETIRED.512B_PACKED_SINGLE'/u , added for counting
534 [139936023922432] INFO perfrun.perfcollector <> - event: cpu/umask=0x4,name='TOPDOWN.SLOTS'/Du , added for counting
534 [139935864907520] WARN perfrun.perfcollector <> - Perf stat trace pipe capacity: read = 1048576, write = 1048576, at file: vcs/perfrun1/plugins/perfcollector/src/profiler.cpp:763
534 [139935864907520] INFO perfrun.perfcollector <> - Path to Perf control pipe: /home/aoviedo/amplxe-tmp-aoviedo/perf-pipe-1591679-20677847767027491
536 [139935864907520] INFO perfrun.sdk <> - runCmd: "/software/intel/oneapi_hpc_2022.1/vtune/2022.0.0/bin64/amplxe-perf" stat -v --log-fd 11 --pipe "/home/aoviedo/amplxe-tmp-aoviedo/perf-pipe-1591679-20677847767027491" --pipe-sync --scale -x ; -e cpu/event=0x3c,name='CPU_CLK_UNHALTED.THREAD'/Du,cpu/umask=0x3,name='CPU_CLK_UNHALTED.REF_TSC'/Du,cpu/event=0xc0,name='INST_RETIRED.ANY'/Du,cpu/event=0xec,umask=0x2,name='CPU_CLK_UNHALTED.DISTRIBUTED'/u,cpu/event=0xc7,umask=0x2,name='FP_ARITH_INST_RETIRED.SCALAR_SINGLE'/u,cpu/event=0xc7,umask=0x8,name='FP_ARITH_INST_RETIRED.128B_PACKED_SINGLE'/u,cpu/event=0xc7,umask=0x20,name='FP_ARITH_INST_RETIRED.256B_PACKED_SINGLE'/u,cpu/event=0xc7,umask=0x1,name='FP_ARITH_INST_RETIRED.SCALAR_DOUBLE'/u,cpu/event=0xc7,umask=0x4,name='FP_ARITH_INST_RETIRED.128B_PACKED_DOUBLE'/u,cpu/event=0xc7,umask=0x10,name='FP_ARITH_INST_RETIRED.256B_PACKED_DOUBLE'/u,cpu/event=0xb1,umask=0x10,name='UOPS_EXECUTED.X87'/u,cpu/event=0xc2,umask=0x2,name='UOPS_RETIRED.SLOTS'/u,cpu/event=0xb1,umask=0x1,name='UOPS_EXECUTED.THREAD'/u,cpu/event=0xc7,umask=0x40,name='FP_ARITH_INST_RETIRED.512B_PACKED_DOUBLE'/u,cpu/event=0xc7,umask=0x80,name='FP_ARITH_INST_RETIRED.512B_PACKED_SINGLE'/u,cpu/umask=0x4,name='TOPDOWN.SLOTS'/Du "/software/intel/oneapi_hpc_2022.1/vtune/2022.0.0/bin64/amplxe-perf-sync" dryrun sys
537 [139935864907520] INFO perfrun.sdk <> - runCmd started PID 1591748
625 [139935856514816] INFO perfrun.perfcollector <> - PERF_STAT : "CPU_CLK_UNHALTED.THREAD: 5745185 3062717 3062717"
625 [139935856514816] WARN perfrun.perfcollector <> - Unexpected PERF_STAT format, ignored, at file: vcs/perfrun1/plugins/perfcollector/src/profiler.cpp:490
625 [139935856514816] INFO perfrun.perfcollector <> - PERF_STAT : "CPU_CLK_UNHALTED.REF_TSC: 4946856 3062717 3062717"
625 [139935856514816] WARN perfrun.perfcollector <> - Unexpected PERF_STAT format, ignored, at file: vcs/perfrun1/plugins/perfcollector/src/profiler.cpp:490
625 [139935856514816] INFO perfrun.perfcollector <> - PERF_STAT : "INST_RETIRED.ANY: 7891989 3062717 3062717"
625 [139935856514816] WARN perfrun.perfcollector <> - Unexpected PERF_STAT format, ignored, at file: vcs/perfrun1/plugins/perfcollector/src/profiler.cpp:490
625 [139935856514816] INFO perfrun.perfcollector <> - PERF_STAT : "CPU_CLK_UNHALTED.DISTRIBUTED: 827343 3062717 420325"
625 [139935856514816] WARN perfrun.perfcollector <> - Unexpected PERF_STAT format, ignored, at file: vcs/perfrun1/plugins/perfcollector/src/profiler.cpp:490
625 [139935856514816] INFO perfrun.perfcollector <> - PERF_STAT : "FP_ARITH_INST_RETIRED.SCALAR_SINGLE: 0 3062717 1390233"
625 [139935856514816] WARN perfrun.perfcollector <> - Unexpected PERF_STAT format, ignored, at file: vcs/perfrun1/plugins/perfcollector/src/profiler.cpp:490
625 [139935856514816] INFO perfrun.perfcollector <> - PERF_STAT : "FP_ARITH_INST_RETIRED.128B_PACKED_SINGLE: 0 3062717 2389991"
625 [139935856514816] WARN perfrun.perfcollector <> - Unexpected PERF_STAT format, ignored, at file: vcs/perfrun1/plugins/perfcollector/src/profiler.cpp:490
625 [139935856514816] INFO perfrun.perfcollector <> - PERF_STAT : "FP_ARITH_INST_RETIRED.256B_PACKED_SINGLE: 0 3062717 3062717"
625 [139935856514816] WARN perfrun.perfcollector <> - Unexpected PERF_STAT format, ignored, at file: vcs/perfrun1/plugins/perfcollector/src/profiler.cpp:490
625 [139935856514816] INFO perfrun.perfcollector <> - PERF_STAT : "FP_ARITH_INST_RETIRED.SCALAR_DOUBLE: 0 3062717 3062717"
625 [139935856514816] WARN perfrun.perfcollector <> - Unexpected PERF_STAT format, ignored, at file: vcs/perfrun1/plugins/perfcollector/src/profiler.cpp:490
625 [139935856514816] INFO perfrun.perfcollector <> - PERF_STAT : "FP_ARITH_INST_RETIRED.128B_PACKED_DOUBLE: 0 3062717 3062717"
625 [139935856514816] WARN perfrun.perfcollector <> - Unexpected PERF_STAT format, ignored, at file: vcs/perfrun1/plugins/perfcollector/src/profiler.cpp:490
625 [139935856514816] INFO perfrun.perfcollector <> - PERF_STAT : "FP_ARITH_INST_RETIRED.256B_PACKED_DOUBLE: 0 3062717 3062717"
625 [139935856514816] WARN perfrun.perfcollector <> - Unexpected PERF_STAT format, ignored, at file: vcs/perfrun1/plugins/perfcollector/src/profiler.cpp:490
625 [139935856514816] INFO perfrun.perfcollector <> - PERF_STAT : "UOPS_EXECUTED.X87: 0 3062717 2642392"
625 [139935856514816] WARN perfrun.perfcollector <> - Unexpected PERF_STAT format, ignored, at file: vcs/perfrun1/plugins/perfcollector/src/profiler.cpp:490
625 [139935856514816] INFO perfrun.perfcollector <> - PERF_STAT : "UOPS_RETIRED.SLOTS: 12340181 3062717 1672484"
625 [139935856514816] WARN perfrun.perfcollector <> - Unexpected PERF_STAT format, ignored, at file: vcs/perfrun1/plugins/perfcollector/src/profiler.cpp:490
625 [139935856514816] INFO perfrun.perfcollector <> - PERF_STAT : "UOPS_EXECUTED.THREAD: 11028200 3062717 672726"
625 [139935856514816] WARN perfrun.perfcollector <> - Unexpected PERF_STAT format, ignored, at file: vcs/perfrun1/plugins/perfcollector/src/profiler.cpp:490
625 [139935856514816] INFO perfrun.perfcollector <> - PERF_STAT : "FP_ARITH_INST_RETIRED.512B_PACKED_DOUBLE: 0 3062717 0"
625 [139935856514816] WARN perfrun.perfcollector <> - Unexpected PERF_STAT format, ignored, at file: vcs/perfrun1/plugins/perfcollector/src/profiler.cpp:490
625 [139935856514816] INFO perfrun.perfcollector <> - PERF_STAT : "FP_ARITH_INST_RETIRED.512B_PACKED_SINGLE: 0 3062717 0"
625 [139935856514816] WARN perfrun.perfcollector <> - Unexpected PERF_STAT format, ignored, at file: vcs/perfrun1/plugins/perfcollector/src/profiler.cpp:490
625 [139935856514816] INFO perfrun.perfcollector <> - PERF_STAT : "TOPDOWN.SLOTS: 28191005 3062717 3062717"
625 [139935856514816] WARN perfrun.perfcollector <> - Unexpected PERF_STAT format, ignored, at file: vcs/perfrun1/plugins/perfcollector/src/profiler.cpp:490
625 [139935856514816] INFO perfrun.perfcollector <> - PERF_STAT : "5745185;;CPU_CLK_UNHALTED.THREAD;3062717;100.00;;"
625 [139935864907520] INFO perfrun.perfcollector <> - Monitor: runCmd RC = true
625 [139935856514816] INFO perfrun.perfcollector <> - PERF_STAT : "4946856;;CPU_CLK_UNHALTED.REF_TSC;3062717;100.00;;"
625 [139935856514816] INFO perfrun.perfcollector <> - PERF_STAT : "7891989;;INST_RETIRED.ANY;3062717;100.00;;"
626 [139935856514816] INFO perfrun.perfcollector <> - PERF_STAT : "827343;;CPU_CLK_UNHALTED.DISTRIBUTED;420325;13.72;;"
626 [139935856514816] INFO perfrun.perfcollector <> - PERF_STAT : "0;;FP_ARITH_INST_RETIRED.SCALAR_SINGLE;1390233;45.39;;"
626 [139935856514816] INFO perfrun.perfcollector <> - PERF_STAT : "0;;FP_ARITH_INST_RETIRED.128B_PACKED_SINGLE;2389991;78.03;;"
626 [139935856514816] INFO perfrun.perfcollector <> - PERF_STAT : "0;;FP_ARITH_INST_RETIRED.256B_PACKED_SINGLE;3062717;100.00;;"
626 [139935856514816] INFO perfrun.perfcollector <> - PERF_STAT : "0;;FP_ARITH_INST_RETIRED.SCALAR_DOUBLE;3062717;100.00;;"
626 [139935856514816] INFO perfrun.perfcollector <> - PERF_STAT : "0;;FP_ARITH_INST_RETIRED.128B_PACKED_DOUBLE;3062717;100.00;;"
626 [139935856514816] INFO perfrun.perfcollector <> - PERF_STAT : "0;;FP_ARITH_INST_RETIRED.256B_PACKED_DOUBLE;3062717;100.00;;"
626 [139935856514816] INFO perfrun.perfcollector <> - PERF_STAT : "0;;UOPS_EXECUTED.X87;2642392;86.28;;"
626 [139935856514816] INFO perfrun.perfcollector <> - PERF_STAT : "12340181;;UOPS_RETIRED.SLOTS;1672484;54.61;;"
626 [139935856514816] INFO perfrun.perfcollector <> - PERF_STAT : "11028200;;UOPS_EXECUTED.THREAD;672726;21.97;;"
626 [139935856514816] INFO perfrun.perfcollector <> - PERF_STAT : "<not counted>;;FP_ARITH_INST_RETIRED.512B_PACKED_DOUBLE;0;0.00;;"
626 [139935856514816] INFO perfrun.perfcollector <> - PERF_STAT : "<not counted>;;FP_ARITH_INST_RETIRED.512B_PACKED_SINGLE;0;0.00;;"
626 [139935856514816] INFO perfrun.perfcollector <> - PERF_STAT : "28191005;;TOPDOWN.SLOTS;3062717;100.00;;"
627 [139936023922432] INFO perfrun.launcher <> - plugin [aoclprofile] was disabled because it doesn't support the given collection type.
627 [139936023922432] INFO perfrun.tpss <> - initialize tpss controller
627 [139936023922432] INFO perfrun.tpss <> - configure collection mode: value = cpu:counters:nostack
627 [139936023922432] INFO perfrun.tpss <> - configure collection mode: value = cpu:stack
627 [139936023922432] INFO perfrun.tpss <> - default obj-size-min=1024
627 [139936023922432] INFO perfrun.tpss <> - default hash-table-size=0
627 [139936023922432] INFO perfrun.launcher <> - plugin [exprof] was disabled because it doesn't support the given collection type.
627 [139936023922432] INFO perfrun.launcher <> - plugin [media] was disabled because it doesn't support the given collection type.
627 [139936023922432] INFO perfrun.launcher <> - plugin [] was disabled because it doesn't support the given collection type.
627 [139936023922432] INFO perfrun.launcher <> - plugin [] was disabled because it doesn't support the given collection type.
627 [139936023922432] INFO perfrun.launcher <> - plugin [parallelfs] was disabled because it doesn't support the given collection type.
627 [139936023922432] INFO perfrun.launcher <> - plugin [power] was disabled because it doesn't support the given collection type.
627 [139936023922432] INFO perfrun.launcher <> - plugin [hwloc] was disabled because it doesn't support the given collection type.
627 [139936023922432] INFO perfrun.launcher <> - plugin [ipmwatch] was disabled because it doesn't support the given collection type.
627 [139936023922432] INFO perfrun.launcher <> - plugin [os_counters] was disabled because it doesn't support the given collection type.
627 [139936023922432] INFO perfrun.launcher <> - plugin [l0_metrics] was disabled because it doesn't support the given collection type.
627 [139936150633600] INFO perfrun.launcher <> - set environment variable: LD_LIBRARY_PATH = /software/intel/oneapi_hpc_2022.1/vtune/2022.0.0/lib32/runtime:/software/intel/oneapi_hpc_2022.1/vtune/2022.0.0/lib64/runtime:/software/slurm-current-el8-x86_64/lib
627 [139936150633600] INFO perfrun.launcher <> - set environment variable: INTEL_LIBITTNOTIFY32 = /software/intel/oneapi_hpc_2022.1/vtune/2022.0.0/lib32/runtime/libittnotify_collector.so
627 [139936150633600] INFO perfrun.launcher <> - set environment variable: INTEL_LIBITTNOTIFY64 = /software/intel/oneapi_hpc_2022.1/vtune/2022.0.0/lib64/runtime/libittnotify_collector.so
627 [139936150633600] INFO perfrun.launcher <> - set environment variable: INTEL_ITTNOTIFY_GROUPS = 
627 [139936150633600] INFO perfrun.launcher <> - set environment variable: INTEL_JIT_PROFILER32 = /software/intel/oneapi_hpc_2022.1/vtune/2022.0.0/lib32/runtime/libittnotify_collector.so
627 [139936150633600] INFO perfrun.launcher <> - set environment variable: INTEL_JIT_PROFILER64 = /software/intel/oneapi_hpc_2022.1/vtune/2022.0.0/lib64/runtime/libittnotify_collector.so
628 [139936150633600] INFO perfrun.launcher <> - set environment variable: VS_PROFILER = libittnotify_collector.so
628 [139936150633600] INFO perfrun.launcher <> - set environment variable: OMP_TOOL_LIBRARIES = /software/intel/oneapi_hpc_2022.1/vtune/2022.0.0/lib32/runtime/libittnotify_collector.so:/software/intel/oneapi_hpc_2022.1/vtune/2022.0.0/lib64/runtime/libittnotify_collector.so
628 [139936150633600] INFO perfrun.launcher <> - set environment variable: ENABLE_JITPROFILING = 1
628 [139936150633600] INFO perfrun.launcher <> - set environment variable: CL_CONFIG_USE_VTUNE = True
628 [139936150633600] INFO perfrun.launcher <> - set environment variable: KMP_FORKJOIN_FRAMES = 0
628 [139936150633600] INFO perfrun.launcher <> - set environment variable: KMP_FORKJOIN_FRAMES_MODE = 0
628 [139936150633600] INFO perfrun.launcher <> - set environment variable: OMP_TOOL = disabled
628 [139936150633600] INFO perfrun.launcher <> - set environment variable: INTEL_MRTE_DATA_DIR = /home/aoviedo/hpc-finance/week-1/L1Demo/Profiling/bs1_profile/data.0
628 [139936150633600] INFO perfrun.launcher <> - set environment variable: INTEL_MRTE_HOST_NAME = midway3-login3.rcc.local
628 [139936150633600] INFO perfrun.launcher <> - set environment variable: JAVA_TOOL_OPTIONS = -agentlib:amplxe_tpssmrte_javaprof_1.0 -Dsun.boot.library.path=/software/intel/oneapi_hpc_2022.1/vtune/2022.0.0/lib32/runtime:/software/intel/oneapi_hpc_2022.1/vtune/2022.0.0/lib64/runtime
628 [139936150633600] INFO perfrun.launcher <> - set environment variable: LD_LIBRARY_PATH = /software/intel/oneapi_hpc_2022.1/vtune/2022.0.0/lib32/runtime:/software/intel/oneapi_hpc_2022.1/vtune/2022.0.0/lib64/runtime:/software/slurm-current-el8-x86_64/lib
628 [139936150633600] INFO perfrun.launcher <> - set environment variable: CORECLR_ENABLE_PROFILING = 1
628 [139936150633600] INFO perfrun.launcher <> - set environment variable: CORECLR_PROFILER = {AA5E4821-E3B1-479c-B7FF-5AD047D22CED}
628 [139936150633600] INFO perfrun.launcher <> - set environment variable: CORECLR_PROFILER_PATH = /software/intel/oneapi_hpc_2022.1/vtune/2022.0.0/lib64/libamplxe_samplingmrte_clrprof_1.0.so
628 [139936150633600] INFO perfrun.launcher <> - set environment variable: INTEL_MRTE_PROFILER_MODE = mixed
628 [139936150633600] INFO perfrun.launcher <> - RpcServer: run RPC server to handle requests
629 [139936150633600] INFO perfrun.launcher <> - Launcher: command line to start before modification = ./bs1
630 [139936150633600] INFO perfrun.launcher <> - Launcher: command line to start after modification = /software/intel/oneapi_hpc_2022.1/vtune/2022.0.0/bin64/pin -error_file /home/aoviedo/hpc-finance/week-1/L1Demo/Profiling/bs1_profile/data.0/pinerr.tpsslog -detach_reattach -follow_execv -tool_load_option deepbind -t64 /software/intel/oneapi_hpc_2022.1/vtune/2022.0.0/lib64/libtpsstool.so -t /software/intel/oneapi_hpc_2022.1/vtune/2022.0.0/lib32/libtpsstool.so -server_name tpss_ipc.1591679 -prd_dir /software/intel/oneapi_hpc_2022.1/vtune/2022.0.0 -- ./bs1
630 [139936150633600] INFO perfrun.launcher <> - ProcessCreator object was created
630 [139936150633600] INFO perfrun.launcher <> - Launcher: the process was started in suspend mode
635 [139936023922432] WARN perfrun.system <> - Could not do anything with /sys/kernel/debug/kvm: boost::filesystem::status: Permission denied: "/sys/kernel/debug/kvm", at file: vcs/perfrun1/plugins/system/src/trace_writer.cpp:797
638 [139936023922432] INFO perfrun.sdk <> - runCmd: "/software/intel/oneapi_hpc_2022.1/vtune/2022.0.0/bin64/sep" -platform-info
640 [139936023922432] INFO perfrun.sdk <> - runCmd started PID 1591752
649 [139936023922432] WARN perfrun.sdk <> - SEP driver is not available, at file: vcs/perfrun1/plugins/pluginsdk/src/device_mapper.cpp:756
649 [139936023922432] INFO perfrun.sdk <> - runCmd: "/software/intel/oneapi_hpc_2022.1/vtune/2022.0.0/bin64/amplxe-perf" stat --iiostat=show
650 [139936023922432] INFO perfrun.sdk <> - runCmd started PID 1591753
655 [139936023922432] WARN perfrun.sdk <> - Device mapping through perf is not available on current kernel, at file: vcs/perfrun1/plugins/pluginsdk/src/device_mapper.cpp:954
657 [139936023922432] INFO perfrun.sdk <> - runCmd: "/software/intel/oneapi_hpc_2022.1/vtune/2022.0.0/bin64/sep" -platform-info
658 [139936023922432] INFO perfrun.sdk <> - runCmd started PID 1591754
667 [139936023922432] WARN perfrun.sdk <> - SEP driver is not available, at file: vcs/perfrun1/plugins/pluginsdk/src/device_mapper.cpp:756
667 [139936023922432] INFO perfrun.sdk <> - runCmd: "/software/intel/oneapi_hpc_2022.1/vtune/2022.0.0/bin64/sep" -platform-info
668 [139936023922432] INFO perfrun.sdk <> - runCmd started PID 1591755
677 [139936023922432] WARN perfrun.sdk <> - SEP driver is not available, at file: vcs/perfrun1/plugins/pluginsdk/src/device_mapper.cpp:756
677 [139936023922432] WARN perfrun.sdk <> - Failed to find xl binary on any of the system paths: /bin, /sbin, /usr/bin, /usr/sbin., at file: vcs/perfrun1/sdk/src/utils.cpp:198
677 [139936023922432] WARN perfrun.system <> - Could not start ContainerMapping collector, at file: vcs/perfrun1/plugins/system/src/controller.cpp:458
1278 [139936023922432] INFO perfrun.vdso <> - Helper runtool '/software/intel/oneapi_hpc_2022.1/vtune/2022.0.0/bin32/amplxe-runss -dump-vdso -r /home/aoviedo/hpc-finance/week-1/L1Demo/Profiling/bs1_profile --tmp-dir /home/aoviedo/amplxe-tmp-aoviedo' returned 0
1376 [139936023922432] INFO perfrun.vdso <> - Helper runtool '/software/intel/oneapi_hpc_2022.1/vtune/2022.0.0/bin64/amplxe-runss -dump-vdso -r /home/aoviedo/hpc-finance/week-1/L1Demo/Profiling/bs1_profile --tmp-dir /home/aoviedo/amplxe-tmp-aoviedo' returned 0
1376 [139936023922432] INFO perfrun.itt <> - start itt controller for pid #1591751
1376 [139935839729408] WARN perfrun.perfcollector <> - Perf stat trace pipe capacity: read = 1048576, write = 1048576, at file: vcs/perfrun1/plugins/perfcollector/src/profiler.cpp:763
1376 [139935839729408] INFO perfrun.perfcollector <> - Path to Perf control pipe: /home/aoviedo/amplxe-tmp-aoviedo/perf-pipe-1591679-20677850370800913
1378 [139935839729408] INFO perfrun.sdk <> - runCmd: "/software/intel/oneapi_hpc_2022.1/vtune/2022.0.0/bin64/amplxe-perf" stat -v --log-fd 24 --pipe "/home/aoviedo/amplxe-tmp-aoviedo/perf-pipe-1591679-20677850370800913" --pipe-sync --scale -x ; -p 1591751 -e cpu/event=0x3c,name='CPU_CLK_UNHALTED.THREAD'/Du,cpu/umask=0x3,name='CPU_CLK_UNHALTED.REF_TSC'/Du,cpu/event=0xc0,name='INST_RETIRED.ANY'/Du,cpu/event=0xec,umask=0x2,name='CPU_CLK_UNHALTED.DISTRIBUTED'/u,cpu/event=0xc7,umask=0x2,name='FP_ARITH_INST_RETIRED.SCALAR_SINGLE'/u,cpu/event=0xc7,umask=0x8,name='FP_ARITH_INST_RETIRED.128B_PACKED_SINGLE'/u,cpu/event=0xc7,umask=0x20,name='FP_ARITH_INST_RETIRED.256B_PACKED_SINGLE'/u,cpu/event=0xc7,umask=0x1,name='FP_ARITH_INST_RETIRED.SCALAR_DOUBLE'/u,cpu/event=0xc7,umask=0x4,name='FP_ARITH_INST_RETIRED.128B_PACKED_DOUBLE'/u,cpu/event=0xc7,umask=0x10,name='FP_ARITH_INST_RETIRED.256B_PACKED_DOUBLE'/u,cpu/event=0xb1,umask=0x10,name='UOPS_EXECUTED.X87'/u,cpu/event=0xc2,umask=0x2,name='UOPS_RETIRED.SLOTS'/u,cpu/event=0xb1,umask=0x1,name='UOPS_EXECUTED.THREAD'/u,cpu/event=0xc7,umask=0x40,name='FP_ARITH_INST_RETIRED.512B_PACKED_DOUBLE'/u,cpu/event=0xc7,umask=0x80,name='FP_ARITH_INST_RETIRED.512B_PACKED_SINGLE'/u,cpu/umask=0x4,name='TOPDOWN.SLOTS'/Du "/software/intel/oneapi_hpc_2022.1/vtune/2022.0.0/bin64/amplxe-perf-sync" sync sys
1379 [139935839729408] INFO perfrun.sdk <> - runCmd started PID 1591824
1421 [139936023922432] INFO perfrun.tpss <> - start tpss controller for pid #1591751
1473 [139936150633600] INFO perfrun.launcher <> - Launcher: all plugins were started
1473 [139936150633600] INFO perfrun.launcher <> - DirectoryMonitor object was created
1473 [139936150633600] INFO perfrun.launcher <> - DirectoryMonitor: a callback was added
1473 [139936150633600] INFO perfrun.launcher <> - DirectoryMonitor was started with pingTime = 1000
1473 [139936150633600] INFO perfrun.launcher <> - DeadlineTimer is going to be constructed
1473 [139936150633600] INFO perfrun.launcher <> - DeadlineTimer: a callback was added
1484 [139936150633600] INFO perfrun.launcher <> - Launcher: resume the profiled application and  wait its termination or stop command
2053 [139936150633600] INFO perfrun.launcher <> - Launcher: the profiled application was terminated  with exit code = 0
2057 [139936023922432] INFO perfrun.itt <> - detach itt controller
2057 [139936023922432] INFO perfrun.itt <> - detach itt controller done
2057 [139935864907520] INFO perfrun.perfcollector <> - PERF_STAT : "CPU_CLK_UNHALTED.THREAD: 427802354 192483382 192483382"
2058 [139935864907520] WARN perfrun.perfcollector <> - Unexpected PERF_STAT format, ignored, at file: vcs/perfrun1/plugins/perfcollector/src/profiler.cpp:490
2058 [139935864907520] INFO perfrun.perfcollector <> - PERF_STAT : "CPU_CLK_UNHALTED.REF_TSC: 368512996 192483382 192483382"
2058 [139935864907520] WARN perfrun.perfcollector <> - Unexpected PERF_STAT format, ignored, at file: vcs/perfrun1/plugins/perfcollector/src/profiler.cpp:490
2058 [139935864907520] INFO perfrun.perfcollector <> - PERF_STAT : "INST_RETIRED.ANY: 873533289 192483382 192483382"
2058 [139935864907520] WARN perfrun.perfcollector <> - Unexpected PERF_STAT format, ignored, at file: vcs/perfrun1/plugins/perfcollector/src/profiler.cpp:490
2058 [139935864907520] INFO perfrun.perfcollector <> - PERF_STAT : "CPU_CLK_UNHALTED.DISTRIBUTED: 420706349 192483382 111425265"
2058 [139935864907520] WARN perfrun.perfcollector <> - Unexpected PERF_STAT format, ignored, at file: vcs/perfrun1/plugins/perfcollector/src/profiler.cpp:490
2058 [139935864907520] INFO perfrun.perfcollector <> - PERF_STAT : "FP_ARITH_INST_RETIRED.SCALAR_SINGLE: 8692872 192483382 113161455"
2058 [139935864907520] WARN perfrun.perfcollector <> - Unexpected PERF_STAT format, ignored, at file: vcs/perfrun1/plugins/perfcollector/src/profiler.cpp:490
2058 [139935864907520] INFO perfrun.perfcollector <> - PERF_STAT : "FP_ARITH_INST_RETIRED.128B_PACKED_SINGLE: 18791051 192483382 114222609"
2058 [139935864907520] WARN perfrun.perfcollector <> - Unexpected PERF_STAT format, ignored, at file: vcs/perfrun1/plugins/perfcollector/src/profiler.cpp:490
2058 [139935864907520] INFO perfrun.perfcollector <> - PERF_STAT : "FP_ARITH_INST_RETIRED.256B_PACKED_SINGLE: 0 192483382 115612145"
2058 [139935864907520] WARN perfrun.perfcollector <> - Unexpected PERF_STAT format, ignored, at file: vcs/perfrun1/plugins/perfcollector/src/profiler.cpp:490
2058 [139935864907520] INFO perfrun.perfcollector <> - PERF_STAT : "FP_ARITH_INST_RETIRED.SCALAR_DOUBLE: 33622 192483382 115963386"
2058 [139935864907520] WARN perfrun.perfcollector <> - Unexpected PERF_STAT format, ignored, at file: vcs/perfrun1/plugins/perfcollector/src/profiler.cpp:490
2058 [139935864907520] INFO perfrun.perfcollector <> - PERF_STAT : "FP_ARITH_INST_RETIRED.128B_PACKED_DOUBLE: 50516227 192483382 114049315"
2058 [139935864907520] WARN perfrun.perfcollector <> - Unexpected PERF_STAT format, ignored, at file: vcs/perfrun1/plugins/perfcollector/src/profiler.cpp:490
2058 [139935864907520] INFO perfrun.perfcollector <> - PERF_STAT : "FP_ARITH_INST_RETIRED.256B_PACKED_DOUBLE: 0 192483382 112634380"
2058 [139935864907520] WARN perfrun.perfcollector <> - Unexpected PERF_STAT format, ignored, at file: vcs/perfrun1/plugins/perfcollector/src/profiler.cpp:490
2058 [139935864907520] INFO perfrun.perfcollector <> - PERF_STAT : "UOPS_EXECUTED.X87: 0 192483382 111533083"
2058 [139935864907520] WARN perfrun.perfcollector <> - Unexpected PERF_STAT format, ignored, at file: vcs/perfrun1/plugins/perfcollector/src/profiler.cpp:490
2058 [139935864907520] INFO perfrun.perfcollector <> - PERF_STAT : "UOPS_RETIRED.SLOTS: 990635763 192483382 108893031"
2058 [139935864907520] WARN perfrun.perfcollector <> - Unexpected PERF_STAT format, ignored, at file: vcs/perfrun1/plugins/perfcollector/src/profiler.cpp:490
2058 [139935864907520] INFO perfrun.perfcollector <> - PERF_STAT : "UOPS_EXECUTED.THREAD: 1174138272 192483382 108467430"
2058 [139935864907520] WARN perfrun.perfcollector <> - Unexpected PERF_STAT format, ignored, at file: vcs/perfrun1/plugins/perfcollector/src/profiler.cpp:490
2058 [139935864907520] INFO perfrun.perfcollector <> - PERF_STAT : "FP_ARITH_INST_RETIRED.512B_PACKED_DOUBLE: 0 192483382 110262261"
2058 [139935864907520] WARN perfrun.perfcollector <> - Unexpected PERF_STAT format, ignored, at file: vcs/perfrun1/plugins/perfcollector/src/profiler.cpp:490
2058 [139935864907520] INFO perfrun.perfcollector <> - PERF_STAT : "FP_ARITH_INST_RETIRED.512B_PACKED_SINGLE: 0 192483382 111159314"
2058 [139935864907520] WARN perfrun.perfcollector <> - Unexpected PERF_STAT format, ignored, at file: vcs/perfrun1/plugins/perfcollector/src/profiler.cpp:490
2058 [139935864907520] INFO perfrun.perfcollector <> - PERF_STAT : "TOPDOWN.SLOTS: 2136186515 192483382 192483382"
2058 [139935864907520] WARN perfrun.perfcollector <> - Unexpected PERF_STAT format, ignored, at file: vcs/perfrun1/plugins/perfcollector/src/profiler.cpp:490
2058 [139935864907520] INFO perfrun.perfcollector <> - PERF_STAT : "427802354;;CPU_CLK_UNHALTED.THREAD;192483382;100.00;;"
2058 [139935864907520] INFO perfrun.perfcollector <> - PERF_STAT : "368512996;;CPU_CLK_UNHALTED.REF_TSC;192483382;100.00;;"
2058 [139935864907520] INFO perfrun.perfcollector <> - PERF_STAT : "873533289;;INST_RETIRED.ANY;192483382;100.00;;"
2058 [139935864907520] INFO perfrun.perfcollector <> - PERF_STAT : "420706349;;CPU_CLK_UNHALTED.DISTRIBUTED;111425265;57.89;;"
2058 [139935839729408] INFO perfrun.perfcollector <> - Monitor: runCmd RC = true
2058 [139935864907520] INFO perfrun.perfcollector <> - PERF_STAT : "8692872;;FP_ARITH_INST_RETIRED.SCALAR_SINGLE;113161455;58.79;;"
2058 [139935864907520] INFO perfrun.perfcollector <> - PERF_STAT : "18791051;;FP_ARITH_INST_RETIRED.128B_PACKED_SINGLE;114222609;59.34;;"
2058 [139935864907520] INFO perfrun.perfcollector <> - PERF_STAT : "0;;FP_ARITH_INST_RETIRED.256B_PACKED_SINGLE;115612145;60.06;;"
2058 [139935864907520] INFO perfrun.perfcollector <> - PERF_STAT : "33622;;FP_ARITH_INST_RETIRED.SCALAR_DOUBLE;115963386;60.25;;"
2058 [139935864907520] INFO perfrun.perfcollector <> - PERF_STAT : "50516227;;FP_ARITH_INST_RETIRED.128B_PACKED_DOUBLE;114049315;59.25;;"
2058 [139935864907520] INFO perfrun.perfcollector <> - PERF_STAT : "0;;FP_ARITH_INST_RETIRED.256B_PACKED_DOUBLE;112634380;58.52;;"
2058 [139935864907520] INFO perfrun.perfcollector <> - PERF_STAT : "0;;UOPS_EXECUTED.X87;111533083;57.94;;"
2058 [139935864907520] INFO perfrun.perfcollector <> - PERF_STAT : "990635763;;UOPS_RETIRED.SLOTS;108893031;56.57;;"
2058 [139935864907520] INFO perfrun.perfcollector <> - PERF_STAT : "1174138272;;UOPS_EXECUTED.THREAD;108467430;56.35;;"
2058 [139935864907520] INFO perfrun.perfcollector <> - PERF_STAT : "0;;FP_ARITH_INST_RETIRED.512B_PACKED_DOUBLE;110262261;57.28;;"
2058 [139935864907520] INFO perfrun.perfcollector <> - PERF_STAT : "0;;FP_ARITH_INST_RETIRED.512B_PACKED_SINGLE;111159314;57.75;;"
2058 [139935864907520] INFO perfrun.perfcollector <> - PERF_STAT : "2136186515;;TOPDOWN.SLOTS;192483382;100.00;;"
2058 [139936023922432] INFO perfrun.perfcollector <> - Monitor: state = 3, error = 1
2058 [139936023922432] INFO perfrun.tpss <> - stop tpss controller
2059 [139936023922432] INFO perfrun.sdk <> - De-allocating TMU: /home/aoviedo/hpc-finance/week-1/L1Demo/Profiling/bs1_profile/data.0/systemcollector-1591679-midway3-login3.rcc.local.sc
2059 [139936023922432] INFO perfrun.system <> - closed the system trace file: /home/aoviedo/hpc-finance/week-1/L1Demo/Profiling/bs1_profile/data.0/systemcollector-1591679-midway3-login3.rcc.local.sc
2059 [139936150633600] INFO perfrun.launcher <> - Launcher: all plugins were stopped.
2059 [139936150633600] INFO perfrun.launcher <> - DeadlineTimer is going to be destroyed
2059 [139936150633600] INFO perfrun.launcher <> - DeadlineTimer was destroyed
2059 [139936150633600] INFO perfrun.launcher <> - DirectoryMonitor object was destroyed
2059 [139936150633600] WARN perfrun.launcher <> - Stop command is ignored because it is received when collection is already stopped, at file: vcs/perfrun1/launcher/src/command_handler.cpp:212
2060 [139936150633600] INFO perfrun.launcher <> - Application exit code: 0
2060 [139936150633600] INFO perfrun.launcher <> - Exit code: 0
